ID_EMPRESA,EMPRESA,PAIS,CONTINENTE,ID_LICITANTE_ADJ,ADJUDICADOS,AREA,INV_TOTAL,ID_LICITANTE,MODALIDAD
136,"ROMA ENERGY HOLDINGS, LLC",ESTADOS UNIDOS,AMÉRICA,93,1,17.0143671393,17.5,93,CONSORCIO
161,"TUBULAR TECHNOLOGY, S.A. DE C.V.",MÉXICO,AMÉRICA,93,1,17.0143671393,17.5,93,CONSORCIO
57,"GX GEOSCIENCE CORPORATION, S. DE R.L. DE C.V.",ESTADOS UNIDOS,AMÉRICA,93,1,17.0143671393,17.5,93,CONSORCIO
165,"TOTAL, S.A.",FRANCIA,EUROPA,92,1,971.567,233.63,92,CONSORCIO
148,"SHELL EXPLORACIÓN Y EXTRACCIÓN DE MÉXICO, S.A. DE C.V.",HOLANDA,EUROPA,92,1,971.567,233.63,92,CONSORCIO
160,"TONALLI ENERGÍA, S.A.P.I. DE C.V.",MÉXICO,AMÉRICA,90,1,7.1619241778,2.985,90,INDIVIDUAL
156,"SUN GOD ENERGÍA DE MÉXICO, S.A. DE C.V.",MÉXICO,AMÉRICA,86,6,2557.416234236,922.03,86,CONSORCIO
78,"JAGUAR EXPLORACIÓN Y PRODUCCIÓN DE HIDROCARBUROS, S.A.P.I. DE C.V.",MÉXICO,AMÉRICA,86,6,2557.416234236,922.03,86,CONSORCIO
154,"STRATA CAMPOS MADUROS, S.A.P.I. DE C.V.",MÉXICO,AMÉRICA,84,3,143.6980925977,49.65,84,INDIVIDUAL
38,"DESARROLLO DE TECNOLOGÍA Y SERVICIOS INTEGRALES, S.A. DE C.V.",MÉXICO,AMÉRICA,83,1,23.6632180299,16,83,CONSORCIO
30,"CONSTRUCTORA HOSTOTIPAQUILLO, S.A. DE C.V.",MÉXICO,AMÉRICA,83,1,23.6632180299,16,83,CONSORCIO
89,MERCADO DE ARENAS SÍLICAS,MÉXICO,AMÉRICA,83,1,23.6632180299,16,83,CONSORCIO
142,"STEEL SERV, S.A. DE C.V.",MÉXICO,AMÉRICA,83,1,23.6632180299,16,83,CONSORCIO
165,"TOTAL, S.A.",FRANCIA,EUROPA,82,2,5668.2,12288.49891769,82,CONSORCIO
8,"BP EXPLORATION MÉXICO, S.A. DE C.V.",REINO UNIDO,EUROPA,82,2,5668.2,12288.49891769,82,CONSORCIO
153,"STATOIL E&P MÉXICO, S.A. DE C.V.",NORUEGA,EUROPA,82,2,5668.2,12288.49891769,82,CONSORCIO
162,TALOS ENERGY LLC,ESTADOS UNIDOS,AMÉRICA,80,2,659.2,2708.109182,80,CONSORCIO
132,PREMIER OIL PLC,REINO UNIDO,EUROPA,80,2,659.2,2708.109182,80,CONSORCIO
150,"SIERRA OIL & GAS, S. DE R.L. DE C.V.",MÉXICO,AMÉRICA,80,2,659.2,2708.109182,80,CONSORCIO
150,"SIERRA OIL & GAS, S. DE R.L. DE C.V.",MÉXICO,AMÉRICA,78,1,2358.7,2978.059,78,CONSORCIO
115,PETRONAS CARIGALI INTERNATIONAL E&P B.V.,MALASIA,ASIA,78,1,2358.7,2978.059,78,CONSORCIO
149,"SICOVAL MX, S.A. DE C.V.",MÉXICO,AMÉRICA,77,3,655.89,276.5568773944,77,CONSORCIO
147,"SHANDONG KERUI OILFIELD SERVICE GROUP CO., LTD",CHINA,ASIA,77,3,655.89,276.5568773944,77,CONSORCIO
101,"NUEVAS SOLUCIONES ENERGÉTICAS A&P, S.A. DE C.V.",MÉXICO,AMÉRICA,77,3,655.89,276.5568773944,77,CONSORCIO
146,"SERVICIOS DE EXTRACCIÓN PETROLERA LIFTING DE MÉXICO, S.A. DE C.V.",MÉXICO,AMÉRICA,75,2,64.5809654766,68,75,INDIVIDUAL
137,"REPSOL EXPLORACIÓN MÉXICO, S.A. DE C.V.",ESPAÑA,EUROPA,72,1,532.742,1140.548,72,CONSORCIO
141,"SIERRA PEROTE E&P, S. DE R.L. DE C.V.",MÉXICO,AMÉRICA,72,1,532.742,1140.548,72,CONSORCIO
135,"RENAISSANCE OIL CORP., S.A. DE C.V.",CANADÁ,AMÉRICA,69,4,85.9851052902,31.81,69,INDIVIDUAL
41,ECOPETROL GLOBAL ENERGY S.L.,COLOMBIA,AMÉRICA,67,1,585.969,807.234,67,CONSORCIO
128,PETRÓLEOS MEXICANOS,MÉXICO,AMÉRICA,67,1,585.969,807.234,67,CONSORCIO
115,PETRONAS CARIGALI INTERNATIONAL E&P B.V.,MALASIA,ASIA,63,1,559.284,374.946,63,CONSORCIO
41,ECOPETROL GLOBAL ENERGY S.L.,COLOMBIA,AMÉRICA,63,1,559.284,374.946,63,CONSORCIO
111,"PERFOLAT DE MÉXICO, S.A. DE C.V.",MÉXICO,AMÉRICA,58,1,46.3208991742,42,58,CONSORCIO
2,"AMERICAN OIL TOOLS, S. DE R.L. DE C.V.",ESTADOS UNIDOS,AMÉRICA,58,1,46.3208991742,42,58,CONSORCIO
10,CANAMEX DUTCH B.V.,HOLANDA,EUROPA,58,1,46.3208991742,42,58,CONSORCIO
152,"SISTEMAS INTEGRALES DE COMPRESIÓN, S.A. DE C.V.",MÉXICO,AMÉRICA,55,1,171.5,3.15,55,CONSORCIO
95,"NUVOIL, S.A. DE C.V.",MÉXICO,AMÉRICA,55,1,171.5,3.15,55,CONSORCIO
31,"CONSTRUCTORA MARUSA, S.A. DE C.V.",MÉXICO,AMÉRICA,55,1,171.5,3.15,55,CONSORCIO
97,"NEWPEK EXPLORACIÓN Y EXTRACCIÓN, S.A. DE C.V.",MÉXICO,AMÉRICA,51,2,362.56,97.0408173241,51,CONSORCIO
167,VERDAD EXPLORATION MEXICO LLC,ESTADOS UNIDOS,AMÉRICA,51,2,362.56,97.0408173241,51,CONSORCIO
150,"SIERRA OIL & GAS, S. DE R.L. DE C.V.",MÉXICO,AMÉRICA,49,1,2573.2,2874.131,49,CONSORCIO
115,PETRONAS CARIGALI INTERNATIONAL E&P B.V.,MALASIA,ASIA,49,1,2573.2,2874.131,49,CONSORCIO
92,"MURPHY WORLDWIDE, INC.",ESTADOS UNIDOS,AMÉRICA,49,1,2573.2,2874.131,49,CONSORCIO
107,OPHIR MEXICO HOLDINGS LIMITED,REINO UNIDO,EUROPA,49,1,2573.2,2874.131,49,CONSORCIO
83,LUKOIL OVERSEAS NETHERLANDS B.V.,RUSIA,ASIA,47,1,521.117,1176.183,47,INDIVIDUAL
78,"JAGUAR EXPLORACIÓN Y PRODUCCIÓN DE HIDROCARBUROS, S.A.P.I. DE C.V.",MÉXICO,AMÉRICA,45,5,798.48,318.5315684634,45,INDIVIDUAL
145,"SERVICIOS PJP4 DE MÉXICO, S.A. DE C.V.",MÉXICO,AMÉRICA,44,3,658.89,187.29722,44,CONSORCIO
74,"IBEROAMERICANA DE HIDROCARBUROS, S.A. DE C.V.",MÉXICO,AMÉRICA,44,3,658.89,187.29722,44,CONSORCIO
54,"GRUPO DIARQCO, S.A. DE C.V.",MÉXICO,AMÉRICA,37,2,32.4408581902,51.2,37,INDIVIDUAL
122,"PETROBAL, S.A.P.I. DE C.V.",MÉXICO,AMÉRICA,31,1,58,1124,31,CONSORCIO
47,FIELDWOOD ENERGY LLC,ESTADOS UNIDOS,AMÉRICA,31,1,58,1124,31,CONSORCIO
165,"TOTAL, S.A.",FRANCIA,EUROPA,30,1,2976.6,6643.486,30,CONSORCIO
46,"EXXONMOBIL EXPLORACIÓN Y PRODUCCIÓN MÉXICO, S. DE R.L. DE C.V.",ESTADOS UNIDOS,AMÉRICA,30,1,2976.6,6643.486,30,CONSORCIO
45,ENI INTERNATIONAL B.V.,ITALIA,EUROPA,28,1,466.387,1054.275,28,CONSORCIO
24,"CITLA ENERGY ONSHORE, S.A.P.I. DE C.V.",MÉXICO,AMÉRICA,28,1,466.387,1054.275,28,CONSORCIO
24,"CITLA ENERGY ONSHORE, S.A.P.I. DE C.V.",MÉXICO,AMÉRICA,26,1,590.777,425.254,26,CONSORCIO
11,CAPRICORN ENERGY LIMITED,REINO UNIDO,EUROPA,26,1,590.777,425.254,26,CONSORCIO
45,ENI INTERNATIONAL B.V.,ITALIA,EUROPA,26,1,590.777,425.254,26,CONSORCIO
45,ENI INTERNATIONAL B.V.,ITALIA,EUROPA,25,2,599.832,2484.278,25,INDIVIDUAL
119,PAN AMERICAN ENERGY LLC,ARGENTINA,AMÉRICA,23,1,39.6,883,23,CONSORCIO
40,"E&P HIDROCARBUROS Y SERVICIOS, S.A. DE C.V.",ARGENTINA,AMÉRICA,23,1,39.6,883,23,CONSORCIO
40,"E&P HIDROCARBUROS Y SERVICIOS, S.A. DE C.V.",ARGENTINA,AMÉRICA,22,1,9.7883324298,3.195,22,INDIVIDUAL
39,"DIAVAZ OFFSHORE, S.A.P.I. DE C.V.",MÉXICO,AMÉRICA,21,2,68.9461764538,75.885,21,INDIVIDUAL
72,INDUSTRIAL CONSULTING,COLOMBIA,AMÉRICA,20,1,10.2438880272,100,20,CONSORCIO
37,"DESARROLLADORA OLEUM, S.A. DE C.V.",MÉXICO,AMÉRICA,20,1,10.2438880272,100,20,CONSORCIO
73,INGENIERÍA CONSTRUCCIONES Y EQUIPOS CONEQUIPOS,COLOMBIA,AMÉRICA,20,1,10.2438880272,100,20,CONSORCIO
17,CONSTRUCTORA TZAULAN,MÉXICO,AMÉRICA,20,1,10.2438880272,100,20,CONSORCIO
85,MARAT INTERNATIONAL,MÉXICO,AMÉRICA,20,1,10.2438880272,100,20,CONSORCIO
35,DEA DEUTSCHE ERDOEL AG,ALEMANIA,EUROPA,18,1,548.708,577.488,18,CONSORCIO
128,PETRÓLEOS MEXICANOS,MÉXICO,AMÉRICA,18,1,548.708,577.488,18,CONSORCIO
16,"CONSTRUCCIONES Y SERVICIOS INDUSTRIALES GLOBALES, S.A. DE C.V.",MÉXICO,AMÉRICA,14,1,36.7421766972,10,14,INDIVIDUAL
28,"CONSORCIO MANUFACTURERO MEXICANO, S.A. DE C.V.",MÉXICO,AMÉRICA,13,2,45.9280213927,19,13,INDIVIDUAL
15,"COMPAÑÍA PETROLERA PERSEUS, S.A. DE C.V.",MÉXICO,AMÉRICA,12,2,49.5026959956,631.195,12,INDIVIDUAL
23,"CHINA OFFSHORE OIL CORPORATION E&P MÉXICO, S.A.P.I. DE C.V.",CHINA,ASIA,10,2,3554.7,7551.904,10,INDIVIDUAL
75,INPEX CORPORATION,JAPÓN,ASIA,9,1,1686.9,2017.374,9,CONSORCIO
22,"CHEVRON ENERGÍA DE MÉXICO, S. DE R.L. DE C.V.",ESTADOS UNIDOS,AMÉRICA,9,1,1686.9,2017.374,9,CONSORCIO
128,PETRÓLEOS MEXICANOS,MÉXICO,AMÉRICA,9,1,1686.9,2017.374,9,CONSORCIO
21,"CARSO OIL AND GAS, S.A. DE C.V.",MÉXICO,AMÉRICA,7,2,478.35,192.98324,7,INDIVIDUAL
11,CAPRICORN ENERGY LIMITED,REINO UNIDO,EUROPA,6,1,562.33,1158.535,6,CONSORCIO
24,"CITLA ENERGY ONSHORE, S.A.P.I. DE C.V.",MÉXICO,AMÉRICA,6,1,562.33,1158.535,6,CONSORCIO
6,"BHP BILLITON PETRÓLEO OPERACIONES DE MÉXICO, S. DE R.L. DE C.V.",AUSTRALIA,OCEANÍA,3,1,1285,9031.82661036,3,INDIVIDUAL
