ID_LICITANTE,ID_EMPRESA,EMPRESA,PAIS,CONTINENTE
52,1,"AINDA CONSULTORES, S.A. DE C.V.",MÉXICO,AMÉRICA
58,2,"AMERICAN OIL TOOLS, S. DE R.L. DE C.V.",ESTADOS UNIDOS,AMÉRICA
1,3,ARMOUR ENERGY LIMITED,AUSTRALIA,OCEANÍA
2,4,"ATLANTIC RIM MÉXICO, S. DE R.L. DE C.V.",ESTADOS UNIDOS,AMÉRICA
3,6,"BHP BILLITON PETRÓLEO OPERACIONES DE MÉXICO, S. DE R.L. DE C.V.",AUSTRALIA,OCEANÍA
82,8,"BP EXPLORATION MÉXICO, S.A. DE C.V.",REINO UNIDO,EUROPA
4,8,"BP EXPLORATION MÉXICO, S.A. DE C.V.",REINO UNIDO,EUROPA
5,9,"CAABSA INFRAESTRUCTURA, S.A. DE C.V.",MÉXICO,AMÉRICA
58,10,CANAMEX DUTCH B.V.,HOLANDA,EUROPA
26,11,CAPRICORN ENERGY LIMITED,REINO UNIDO,EUROPA
6,11,CAPRICORN ENERGY LIMITED,REINO UNIDO,EUROPA
27,12,"CASA EXPLORATION, L.P.",ESTADOS UNIDOS,AMÉRICA
8,13,CHEIRON HOLDINGS LIMITED,EGIPTO,ÁFRICA
12,15,"COMPAÑÍA PETROLERA PERSEUS, S.A. DE C.V.",MÉXICO,AMÉRICA
14,16,"CONSTRUCCIONES Y SERVICIOS INDUSTRIALES GLOBALES, S.A. DE C.V.",MÉXICO,AMÉRICA
20,17,CONSTRUCTORA TZAULAN,MÉXICO,AMÉRICA
79,20,"CARSO ENERGY, S.A. DE C.V.",MÉXICO,AMÉRICA
79,21,"CARSO OIL AND GAS, S.A. DE C.V.",MÉXICO,AMÉRICA
7,21,"CARSO OIL AND GAS, S.A. DE C.V.",MÉXICO,AMÉRICA
9,22,"CHEVRON ENERGÍA DE MÉXICO, S. DE R.L. DE C.V.",ESTADOS UNIDOS,AMÉRICA
10,23,"CHINA OFFSHORE OIL CORPORATION E&P MÉXICO, S.A.P.I. DE C.V.",CHINA,ASIA
28,24,"CITLA ENERGY ONSHORE, S.A.P.I. DE C.V.",MÉXICO,AMÉRICA
26,24,"CITLA ENERGY ONSHORE, S.A.P.I. DE C.V.",MÉXICO,AMÉRICA
11,24,"CITLA ENERGY ONSHORE, S.A.P.I. DE C.V.",MÉXICO,AMÉRICA
6,24,"CITLA ENERGY ONSHORE, S.A.P.I. DE C.V.",MÉXICO,AMÉRICA
13,28,"CONSORCIO MANUFACTURERO MEXICANO, S.A. DE C.V.",MÉXICO,AMÉRICA
68,29,"CONSORCIO PETROLERO 5M DEL GOLFO, S.A.P.I. DE C.V.",MÉXICO,AMÉRICA
83,30,"CONSTRUCTORA HOSTOTIPAQUILLO, S.A. DE C.V.",MÉXICO,AMÉRICA
55,31,"CONSTRUCTORA MARUSA, S.A. DE C.V.",MÉXICO,AMÉRICA
15,33,"CONTROLADORA DE INFRAESTRUCTURA PETROLERA MÉXICO, S.A. DE C.V.",MÉXICO,AMÉRICA
18,35,DEA DEUTSCHE ERDOEL AG,ALEMANIA,EUROPA
17,35,DEA DEUTSCHE ERDOEL AG,ALEMANIA,EUROPA
16,35,DEA DEUTSCHE ERDOEL AG,ALEMANIA,EUROPA
19,36,"DEP PYG, S.A.P.I. DE C.V.",MÉXICO,AMÉRICA
20,37,"DESARROLLADORA OLEUM, S.A. DE C.V.",MÉXICO,AMÉRICA
83,38,"DESARROLLO DE TECNOLOGÍA Y SERVICIOS INTEGRALES, S.A. DE C.V.",MÉXICO,AMÉRICA
21,39,"DIAVAZ OFFSHORE, S.A.P.I. DE C.V.",MÉXICO,AMÉRICA
17,39,"DIAVAZ OFFSHORE, S.A.P.I. DE C.V.",MÉXICO,AMÉRICA
23,40,"E&P HIDROCARBUROS Y SERVICIOS, S.A. DE C.V.",ARGENTINA,AMÉRICA
22,40,"E&P HIDROCARBUROS Y SERVICIOS, S.A. DE C.V.",ARGENTINA,AMÉRICA
67,41,ECOPETROL GLOBAL ENERGY S.L.,COLOMBIA,AMÉRICA
63,41,ECOPETROL GLOBAL ENERGY S.L.,COLOMBIA,AMÉRICA
53,41,ECOPETROL GLOBAL ENERGY S.L.,COLOMBIA,AMÉRICA
46,44,"ENERGÍA AMERICAS II, LLC",ESTADOS UNIDOS,AMÉRICA
29,45,ENI INTERNATIONAL B.V.,ITALIA,EUROPA
28,45,ENI INTERNATIONAL B.V.,ITALIA,EUROPA
27,45,ENI INTERNATIONAL B.V.,ITALIA,EUROPA
26,45,ENI INTERNATIONAL B.V.,ITALIA,EUROPA
25,45,ENI INTERNATIONAL B.V.,ITALIA,EUROPA
30,46,"EXXONMOBIL EXPLORACIÓN Y PRODUCCIÓN MÉXICO, S. DE R.L. DE C.V.",ESTADOS UNIDOS,AMÉRICA
31,47,FIELDWOOD ENERGY LLC,ESTADOS UNIDOS,AMÉRICA
33,52,"GEO ESTRATOS MXOIL EXPLORACIÓN Y PRODUCCIÓN, S.A.P.I. DE C.V.",MÉXICO,AMÉRICA
35,53,"GPA ENERGY, S.A. DE C.V.",MÉXICO,AMÉRICA
37,54,"GRUPO DIARQCO, S.A. DE C.V.",MÉXICO,AMÉRICA
40,55,"GRUPO VORDCAB, S.A. DE C.V.",MÉXICO,AMÉRICA
93,57,"GX GEOSCIENCE CORPORATION, S. DE R.L. DE C.V.",ESTADOS UNIDOS,AMÉRICA
64,58,GALP ENERGÍA E&P B.V.,PORTUGAL,EUROPA
32,59,"GENERADORA Y ABASTECEDORA DE ENERGÍA DE MÉXICO, S.A. DE C.V.",MÉXICO,AMÉRICA
33,60,"GEO ESTRATOS, S.A. DE C.V.",MÉXICO,AMÉRICA
34,62,GEOPARK LIMITED,CHILE,AMÉRICA
73,63,"GOLFO SUPLEMENTO LATINO, S.A. DE C.V.",MÉXICO,AMÉRICA
36,64,GRAN TIERRA ENERGY INC.,CANADÁ,AMÉRICA
38,65,"GRUPO INDUSTRIAL DE TABASCO, S.A. DE C.V.",MÉXICO,AMÉRICA
39,66,"GRUPO R EXPLORACIÓN Y PRODUCCIÓN, S.A. DE C.V.",MÉXICO,AMÉRICA
41,69,HUNT OVERSEAS OIL COMPANY,ESTADOS UNIDOS,AMÉRICA
20,72,INDUSTRIAL CONSULTING,COLOMBIA,AMÉRICA
20,73,INGENIERÍA CONSTRUCCIONES Y EQUIPOS CONEQUIPOS,COLOMBIA,AMÉRICA
44,74,"IBEROAMERICANA DE HIDROCARBUROS, S.A. DE C.V.",MÉXICO,AMÉRICA
43,74,"IBEROAMERICANA DE HIDROCARBUROS, S.A. DE C.V.",MÉXICO,AMÉRICA
42,74,"IBEROAMERICANA DE HIDROCARBUROS, S.A. DE C.V.",MÉXICO,AMÉRICA
9,75,INPEX CORPORATION,JAPÓN,ASIA
86,78,"JAGUAR EXPLORACIÓN Y PRODUCCIÓN DE HIDROCARBUROS, S.A.P.I. DE C.V.",MÉXICO,AMÉRICA
46,78,"JAGUAR EXPLORACIÓN Y PRODUCCIÓN DE HIDROCARBUROS, S.A.P.I. DE C.V.",MÉXICO,AMÉRICA
45,78,"JAGUAR EXPLORACIÓN Y PRODUCCIÓN DE HIDROCARBUROS, S.A.P.I. DE C.V.",MÉXICO,AMÉRICA
47,83,LUKOIL OVERSEAS NETHERLANDS B.V.,RUSIA,ASIA
29,83,LUKOIL OVERSEAS NETHERLANDS B.V.,RUSIA,ASIA
20,85,MARAT INTERNATIONAL,MÉXICO,AMÉRICA
83,89,MERCADO DE ARENAS SÍLICAS,MÉXICO,AMÉRICA
50,92,"MURPHY WORLDWIDE, INC.",ESTADOS UNIDOS,AMÉRICA
49,92,"MURPHY WORLDWIDE, INC.",ESTADOS UNIDOS,AMÉRICA
48,92,"MURPHY WORLDWIDE, INC.",ESTADOS UNIDOS,AMÉRICA
52,94,"NG OIL AND GAS, S.A.P.I. DE C.V.",MÉXICO,AMÉRICA
55,95,"NUVOIL, S.A. DE C.V.",MÉXICO,AMÉRICA
51,97,"NEWPEK EXPLORACIÓN Y EXTRACCIÓN, S.A. DE C.V.",MÉXICO,AMÉRICA
43,97,"NEWPEK EXPLORACIÓN Y EXTRACCIÓN, S.A. DE C.V.",MÉXICO,AMÉRICA
34,97,"NEWPEK EXPLORACIÓN Y EXTRACCIÓN, S.A. DE C.V.",MÉXICO,AMÉRICA
54,99,"NOBLE ENERGY MÉXICO, S. DE R.L. DE C.V.",ESTADOS UNIDOS,AMÉRICA
53,99,"NOBLE ENERGY MÉXICO, S. DE R.L. DE C.V.",ESTADOS UNIDOS,AMÉRICA
77,101,"NUEVAS SOLUCIONES ENERGÉTICAS A&P, S.A. DE C.V.",MÉXICO,AMÉRICA
40,102,"OCM VORDCAB, S.A. DE C.V.",MÉXICO,AMÉRICA
5,103,OLEODUCTO DEL NORTE DE COLOMBIA,COLOMBIA,AMÉRICA
56,105,ONGC VIDESH LIMITED,INDIA,ASIA
50,107,OPHIR MEXICO HOLDINGS LIMITED,REINO UNIDO,EUROPA
49,107,OPHIR MEXICO HOLDINGS LIMITED,REINO UNIDO,EUROPA
57,109,"P&S OIL AND GAS, S. DE R.L. DE C.V.",ESTADOS UNIDOS,AMÉRICA
58,111,"PERFOLAT DE MÉXICO, S.A. DE C.V.",MÉXICO,AMÉRICA
59,112,"PERSEUS EXPLORACIÓN TERRESTRE, S.A. DE C.V.",MÉXICO,AMÉRICA
91,113,"PETRODATA SERVICES, S.A. DE C.V.",MÉXICO,AMÉRICA
62,114,"PETROLEUM INCREMENTAL INC, S. DE R.L. DE C.V.",MÉXICO,AMÉRICA
78,115,PETRONAS CARIGALI INTERNATIONAL E&P B.V.,MALASIA,ASIA
64,115,PETRONAS CARIGALI INTERNATIONAL E&P B.V.,MALASIA,ASIA
63,115,PETRONAS CARIGALI INTERNATIONAL E&P B.V.,MALASIA,ASIA
53,115,PETRONAS CARIGALI INTERNATIONAL E&P B.V.,MALASIA,ASIA
49,115,PETRONAS CARIGALI INTERNATIONAL E&P B.V.,MALASIA,ASIA
23,119,PAN AMERICAN ENERGY LLC,ARGENTINA,AMÉRICA
61,122,"PETROBAL, S.A.P.I. DE C.V.",MÉXICO,AMÉRICA
60,122,"PETROBAL, S.A.P.I. DE C.V.",MÉXICO,AMÉRICA
31,122,"PETROBAL, S.A.P.I. DE C.V.",MÉXICO,AMÉRICA
61,123,PETROSOUTH PROPERTIES,ESTADOS UNIDOS,AMÉRICA
65,125,"PETROSYNERGY, S.A.",URUGUAY,AMÉRICA
52,127,"PETRÓLEOS MADERE, S.A. DE C.V.",MÉXICO,AMÉRICA
67,128,PETRÓLEOS MEXICANOS,MÉXICO,AMÉRICA
66,128,PETRÓLEOS MEXICANOS,MÉXICO,AMÉRICA
18,128,PETRÓLEOS MEXICANOS,MÉXICO,AMÉRICA
9,128,PETRÓLEOS MEXICANOS,MÉXICO,AMÉRICA
80,132,PREMIER OIL PLC,REINO UNIDO,EUROPA
71,132,PREMIER OIL PLC,REINO UNIDO,EUROPA
68,133,"PROMOTORA Y OPERADORA DE INFRAESTRUCTURA, S.A.B. DE C.V.",MÉXICO,AMÉRICA
65,134,"QUÍMICA APOLLO, S.A. DE C.V.",MÉXICO,AMÉRICA
69,135,"RENAISSANCE OIL CORP., S.A. DE C.V.",CANADÁ,AMÉRICA
93,136,"ROMA ENERGY HOLDINGS, LLC",ESTADOS UNIDOS,AMÉRICA
72,137,"REPSOL EXPLORACIÓN MÉXICO, S.A. DE C.V.",ESPAÑA,EUROPA
71,137,"REPSOL EXPLORACIÓN MÉXICO, S.A. DE C.V.",ESPAÑA,EUROPA
70,137,"REPSOL EXPLORACIÓN MÉXICO, S.A. DE C.V.",ESPAÑA,EUROPA
73,138,ROMA EXPLORATION AND PRODUCTION LLC,ESTADOS UNIDOS,AMÉRICA
74,139,"SARREAL, S.A. DE C.V.",MÉXICO,AMÉRICA
72,141,"SIERRA PEROTE E&P, S. DE R.L. DE C.V.",MÉXICO,AMÉRICA
71,141,"SIERRA PEROTE E&P, S. DE R.L. DE C.V.",MÉXICO,AMÉRICA
83,142,"STEEL SERV, S.A. DE C.V.",MÉXICO,AMÉRICA
38,144,SERVICIOS ASOCIADOS S.A.S.,COLOMBIA,AMÉRICA
76,145,"SERVICIOS PJP4 DE MÉXICO, S.A. DE C.V.",MÉXICO,AMÉRICA
44,145,"SERVICIOS PJP4 DE MÉXICO, S.A. DE C.V.",MÉXICO,AMÉRICA
75,146,"SERVICIOS DE EXTRACCIÓN PETROLERA LIFTING DE MÉXICO, S.A. DE C.V.",MÉXICO,AMÉRICA
77,147,"SHANDONG KERUI OILFIELD SERVICE GROUP CO., LTD",CHINA,ASIA
92,148,"SHELL EXPLORACIÓN Y EXTRACCIÓN DE MÉXICO, S.A. DE C.V.",HOLANDA,EUROPA
2,148,"SHELL EXPLORACIÓN Y EXTRACCIÓN DE MÉXICO, S.A. DE C.V.",HOLANDA,EUROPA
77,149,"SICOVAL MX, S.A. DE C.V.",MÉXICO,AMÉRICA
80,150,"SIERRA OIL & GAS, S. DE R.L. DE C.V.",MÉXICO,AMÉRICA
79,150,"SIERRA OIL & GAS, S. DE R.L. DE C.V.",MÉXICO,AMÉRICA
78,150,"SIERRA OIL & GAS, S. DE R.L. DE C.V.",MÉXICO,AMÉRICA
49,150,"SIERRA OIL & GAS, S. DE R.L. DE C.V.",MÉXICO,AMÉRICA
55,152,"SISTEMAS INTEGRALES DE COMPRESIÓN, S.A. DE C.V.",MÉXICO,AMÉRICA
82,153,"STATOIL E&P MÉXICO, S.A. DE C.V.",NORUEGA,EUROPA
81,153,"STATOIL E&P MÉXICO, S.A. DE C.V.",NORUEGA,EUROPA
84,154,"STRATA CAMPOS MADUROS, S.A.P.I. DE C.V.",MÉXICO,AMÉRICA
73,155,"SUMINISTROS MARINOS E INDUSTRIALES DE MÉXICO, S.A. DE C.V.",MÉXICO,AMÉRICA
86,156,"SUN GOD ENERGÍA DE MÉXICO, S.A. DE C.V.",MÉXICO,AMÉRICA
85,156,"SUN GOD ENERGÍA DE MÉXICO, S.A. DE C.V.",MÉXICO,AMÉRICA
87,158,"SÁNCHEZ-OLIUM, S. DE R.L. DE C.V.",ESTADOS UNIDOS,AMÉRICA
88,159,"T5 ENERMUSA, S.A.P.I. DE C.V.",MÉXICO,AMÉRICA
90,160,"TONALLI ENERGÍA, S.A.P.I. DE C.V.",MÉXICO,AMÉRICA
93,161,"TUBULAR TECHNOLOGY, S.A. DE C.V.",MÉXICO,AMÉRICA
73,161,"TUBULAR TECHNOLOGY, S.A. DE C.V.",MÉXICO,AMÉRICA
80,162,TALOS ENERGY LLC,ESTADOS UNIDOS,AMÉRICA
79,162,TALOS ENERGY LLC,ESTADOS UNIDOS,AMÉRICA
54,162,TALOS ENERGY LLC,ESTADOS UNIDOS,AMÉRICA
50,162,TALOS ENERGY LLC,ESTADOS UNIDOS,AMÉRICA
89,163,TECPETROL INTERNACIONAL S.L.,ESPAÑA,EUROPA
91,164,TORENCO ENERGY INC.,CANADÁ,EUROPA
92,165,"TOTAL, S.A.",FRANCIA,EUROPA
82,165,"TOTAL, S.A.",FRANCIA,EUROPA
30,165,"TOTAL, S.A.",FRANCIA,EUROPA
51,167,VERDAD EXPLORATION MEXICO LLC,ESTADOS UNIDOS,AMÉRICA
43,167,VERDAD EXPLORATION MEXICO LLC,ESTADOS UNIDOS,AMÉRICA
5,170,ZENITH SERVICIOS PETROLEROS,MÉXICO,AMÉRICA
