"ID_LICITANTE","RONDA","LICITACION","DATA_ROOM","PRECALIF","ID_EMPRESA","EMPRESA"
1,"1","1",1,"1",3,"ARMOUR ENERGY LIMITED"
1,"1","1",0,"1",3,"ARMOUR ENERGY LIMITED"
1,"1","1",1,"1",3,"ARMOUR ENERGY LIMITED"
3,"1","1",1,"1",6,"BHP BILLITON PETRÓLEO OPERACIONES DE MÉXICO, S. DE R.L. DE C.V."
4,"1","1",1,"0",8,"BP EXPLORATION MÉXICO, S.A. DE C.V."
1,"1","1",1,"1",3,"ARMOUR ENERGY LIMITED"
1,"1","1",1,"1",3,"ARMOUR ENERGY LIMITED"
1,"1","1",1,"1",3,"ARMOUR ENERGY LIMITED"
1,"1","1",1,"1",3,"ARMOUR ENERGY LIMITED"
1,"1","1",0,"1",3,"ARMOUR ENERGY LIMITED"
21,"1","1",1,"1",39,"DIAVAZ OFFSHORE, S.A.P.I. DE C.V."
1,"1","1",0,"1",3,"ARMOUR ENERGY LIMITED"
1,"1","1",0,"1",3,"ARMOUR ENERGY LIMITED"
23,"1","1",0,"1",119,"PAN AMERICAN ENERGY LLC"
23,"1","1",0,"1",40,"E&P HIDROCARBUROS Y SERVICIOS, S.A. DE C.V."
22,"1","1",1,"1",40,"E&P HIDROCARBUROS Y SERVICIOS, S.A. DE C.V."
1,"1","1",0,"1",3,"ARMOUR ENERGY LIMITED"
1,"1","1",1,"0",3,"ARMOUR ENERGY LIMITED"
27,"1","1",0,"1",45,"ENI INTERNATIONAL B.V."
27,"1","1",0,"1",12,"CASA EXPLORATION, L.P."
25,"1","1",1,"1",45,"ENI INTERNATIONAL B.V."
1,"1","1",1,"1",3,"ARMOUR ENERGY LIMITED"
1,"1","1",1,"1",3,"ARMOUR ENERGY LIMITED"
1,"1","1",1,"1",3,"ARMOUR ENERGY LIMITED"
41,"1","1",1,"1",69,"HUNT OVERSEAS OIL COMPANY"
1,"1","1",1,"0",3,"ARMOUR ENERGY LIMITED"
1,"1","1",1,"0",3,"ARMOUR ENERGY LIMITED"
1,"1","1",1,"0",3,"ARMOUR ENERGY LIMITED"
47,"1","1",1,"1",83,"LUKOIL OVERSEAS NETHERLANDS B.V."
1,"1","1",1,"1",3,"ARMOUR ENERGY LIMITED"
1,"1","1",1,"1",3,"ARMOUR ENERGY LIMITED"
1,"1","1",1,"0",3,"ARMOUR ENERGY LIMITED"
1,"1","1",0,"1",3,"ARMOUR ENERGY LIMITED"
48,"1","1",1,"1",92,"MURPHY WORLDWIDE, INC."
1,"1","1",1,"0",3,"ARMOUR ENERGY LIMITED"
1,"1","1",1,"1",3,"ARMOUR ENERGY LIMITED"
56,"1","1",1,"1",105,"ONGC VIDESH LIMITED"
1,"1","1",1,"1",3,"ARMOUR ENERGY LIMITED"
1,"1","1",0,"1",3,"ARMOUR ENERGY LIMITED"
60,"1","1",1,"1",122,"PETROBAL, S.A.P.I. DE C.V."
1,"1","1",0,"1",3,"ARMOUR ENERGY LIMITED"
1,"1","1",1,"0",3,"ARMOUR ENERGY LIMITED"
66,"1","1",1,"1",128,"PETRÓLEOS MEXICANOS"
1,"1","1",1,"1",3,"ARMOUR ENERGY LIMITED"
1,"1","1",1,"1",3,"ARMOUR ENERGY LIMITED"
1,"1","1",1,"1",3,"ARMOUR ENERGY LIMITED"
1,"1","1",1,"0",3,"ARMOUR ENERGY LIMITED"
1,"1","1",1,"0",3,"ARMOUR ENERGY LIMITED"
80,"1","1",0,"1",132,"PREMIER OIL PLC"
80,"1","1",0,"1",162,"TALOS ENERGY LLC"
80,"1","1",0,"1",150,"SIERRA OIL & GAS, S. DE R.L. DE C.V."
1,"1","1",1,"1",3,"ARMOUR ENERGY LIMITED"
1,"1","1",0,"1",3,"ARMOUR ENERGY LIMITED"
81,"1","1",1,"1",153,"STATOIL E&P MÉXICO, S.A. DE C.V."
1,"1","1",1,"1",3,"ARMOUR ENERGY LIMITED"
1,"1","2",1,"0",3,"ARMOUR ENERGY LIMITED"
1,"1","2",1,"0",3,"ARMOUR ENERGY LIMITED"
4,"1","2",1,"0",8,"BP EXPLORATION MÉXICO, S.A. DE C.V."
1,"1","2",1,"1",3,"ARMOUR ENERGY LIMITED"
10,"1","2",1,"1",23,"CHINA OFFSHORE OIL CORPORATION E&P MÉXICO, S.A.P.I. DE C.V."
1,"1","2",1,"1",3,"ARMOUR ENERGY LIMITED"
15,"1","2",1,"0",33,"CONTROLADORA DE INFRAESTRUCTURA PETROLERA MÉXICO, S.A. DE C.V."
16,"1","2",1,"1",35,"DEA DEUTSCHE ERDOEL AG"
21,"1","2",1,"0",39,"DIAVAZ OFFSHORE, S.A.P.I. DE C.V."
23,"1","2",0,"1",119,"PAN AMERICAN ENERGY LLC"
23,"1","2",0,"1",40,"E&P HIDROCARBUROS Y SERVICIOS, S.A. DE C.V."
22,"1","2",1,"1",40,"E&P HIDROCARBUROS Y SERVICIOS, S.A. DE C.V."
1,"1","2",0,"1",3,"ARMOUR ENERGY LIMITED"
1,"1","2",1,"0",3,"ARMOUR ENERGY LIMITED"
25,"1","2",1,"1",45,"ENI INTERNATIONAL B.V."
31,"1","2",0,"1",122,"PETROBAL, S.A.P.I. DE C.V."
31,"1","2",0,"1",47,"FIELDWOOD ENERGY LLC"
1,"1","2",1,"1",3,"ARMOUR ENERGY LIMITED"
1,"1","2",1,"1",3,"ARMOUR ENERGY LIMITED"
41,"1","2",1,"0",69,"HUNT OVERSEAS OIL COMPANY"
47,"1","2",1,"1",83,"LUKOIL OVERSEAS NETHERLANDS B.V."
56,"1","2",1,"1",105,"ONGC VIDESH LIMITED"
1,"1","2",1,"0",3,"ARMOUR ENERGY LIMITED"
60,"1","2",1,"1",122,"PETROBAL, S.A.P.I. DE C.V."
66,"1","2",1,"0",128,"PETRÓLEOS MEXICANOS"
64,"1","2",0,"1",58,"GALP ENERGÍA E&P B.V."
64,"1","2",0,"1",115,"PETRONAS CARIGALI INTERNATIONAL E&P B.V."
1,"1","2",1,"1",3,"ARMOUR ENERGY LIMITED"
1,"1","2",1,"1",3,"ARMOUR ENERGY LIMITED"
1,"1","2",1,"0",3,"ARMOUR ENERGY LIMITED"
1,"1","2",1,"0",3,"ARMOUR ENERGY LIMITED"
1,"1","2",1,"1",3,"ARMOUR ENERGY LIMITED"
79,"1","2",0,"1",20,"CARSO ENERGY, S.A. DE C.V."
79,"1","2",0,"1",21,"CARSO OIL AND GAS, S.A. DE C.V."
79,"1","2",0,"1",162,"TALOS ENERGY LLC"
79,"1","2",0,"1",150,"SIERRA OIL & GAS, S. DE R.L. DE C.V."
1,"1","2",1,"1",3,"ARMOUR ENERGY LIMITED"
1,"1","2",0,"1",3,"ARMOUR ENERGY LIMITED"
7,"1","2",0,"1",21,"CARSO OIL AND GAS, S.A. DE C.V."
1,"1","2",0,"1",3,"ARMOUR ENERGY LIMITED"
1,"1","2",1,"0",3,"ARMOUR ENERGY LIMITED"
81,"1","2",1,"1",153,"STATOIL E&P MÉXICO, S.A. DE C.V."
1,"1","2",1,"0",3,"ARMOUR ENERGY LIMITED"
1,"1","3",1,"1",3,"ARMOUR ENERGY LIMITED"
1,"1","3",0,"1",3,"ARMOUR ENERGY LIMITED"
1,"1","3",1,"1",3,"ARMOUR ENERGY LIMITED"
1,"1","3",0,"1",3,"ARMOUR ENERGY LIMITED"
1,"1","3",0,"1",3,"ARMOUR ENERGY LIMITED"
5,"1","3",0,"1",103,"OLEODUCTO DEL NORTE DE COLOMBIA"
5,"1","3",0,"1",170,"ZENITH SERVICIOS PETROLEROS"
5,"1","3",0,"1",9,"CAABSA INFRAESTRUCTURA, S.A. DE C.V."
1,"1","3",1,"1",3,"ARMOUR ENERGY LIMITED"
1,"1","3",0,"1",3,"ARMOUR ENERGY LIMITED"
1,"1","3",0,"1",3,"ARMOUR ENERGY LIMITED"
7,"1","3",1,"1",21,"CARSO OIL AND GAS, S.A. DE C.V."
8,"1","3",1,"1",13,"CHEIRON HOLDINGS LIMITED"
1,"1","3",1,"1",3,"ARMOUR ENERGY LIMITED"
11,"1","3",1,"1",24,"CITLA ENERGY ONSHORE, S.A.P.I. DE C.V."
10,"1","3",1,"0",23,"CHINA OFFSHORE OIL CORPORATION E&P MÉXICO, S.A.P.I. DE C.V."
13,"1","3",1,"1",28,"CONSORCIO MANUFACTURERO MEXICANO, S.A. DE C.V."
14,"1","3",1,"1",16,"CONSTRUCCIONES Y SERVICIOS INDUSTRIALES GLOBALES, S.A. DE C.V."
15,"1","3",1,"1",33,"CONTROLADORA DE INFRAESTRUCTURA PETROLERA MÉXICO, S.A. DE C.V."
1,"1","3",1,"0",3,"ARMOUR ENERGY LIMITED"
1,"1","3",1,"0",3,"ARMOUR ENERGY LIMITED"
1,"1","3",1,"1",3,"ARMOUR ENERGY LIMITED"
20,"1","3",0,"1",37,"DESARROLLADORA OLEUM, S.A. DE C.V."
20,"1","3",0,"1",73,"INGENIERÍA CONSTRUCCIONES Y EQUIPOS CONEQUIPOS"
20,"1","3",0,"1",72,"INDUSTRIAL CONSULTING"
20,"1","3",0,"1",85,"MARAT INTERNATIONAL"
20,"1","3",0,"1",17,"CONSTRUCTORA TZAULAN"
1,"1","3",1,"1",3,"ARMOUR ENERGY LIMITED"
1,"1","3",0,"1",3,"ARMOUR ENERGY LIMITED"
1,"1","3",0,"1",3,"ARMOUR ENERGY LIMITED"
1,"1","3",0,"1",3,"ARMOUR ENERGY LIMITED"
1,"1","3",0,"1",3,"ARMOUR ENERGY LIMITED"
21,"1","3",1,"1",39,"DIAVAZ OFFSHORE, S.A.P.I. DE C.V."
22,"1","3",1,"0",40,"E&P HIDROCARBUROS Y SERVICIOS, S.A. DE C.V."
1,"1","3",1,"1",3,"ARMOUR ENERGY LIMITED"
1,"1","3",1,"0",3,"ARMOUR ENERGY LIMITED"
1,"1","3",1,"0",3,"ARMOUR ENERGY LIMITED"
1,"1","3",1,"1",3,"ARMOUR ENERGY LIMITED"
32,"1","3",1,"1",59,"GENERADORA Y ABASTECEDORA DE ENERGÍA DE MÉXICO, S.A. DE C.V."
33,"1","3",0,"1",52,"GEO ESTRATOS MXOIL EXPLORACIÓN Y PRODUCCIÓN, S.A.P.I. DE C.V."
33,"1","3",0,"1",60,"GEO ESTRATOS, S.A. DE C.V."
1,"1","3",1,"1",3,"ARMOUR ENERGY LIMITED"
1,"1","3",0,"1",3,"ARMOUR ENERGY LIMITED"
34,"1","3",0,"1",97,"NEWPEK EXPLORACIÓN Y EXTRACCIÓN, S.A. DE C.V."
34,"1","3",0,"1",62,"GEOPARK LIMITED"
1,"1","3",1,"1",3,"ARMOUR ENERGY LIMITED"
35,"1","3",1,"1",53,"GPA ENERGY, S.A. DE C.V."
36,"1","3",1,"1",64,"GRAN TIERRA ENERGY INC."
37,"1","3",1,"1",54,"GRUPO DIARQCO, S.A. DE C.V."
38,"1","3",0,"1",144,"SERVICIOS ASOCIADOS S.A.S."
38,"1","3",0,"1",65,"GRUPO INDUSTRIAL DE TABASCO, S.A. DE C.V."
1,"1","3",1,"1",3,"ARMOUR ENERGY LIMITED"
1,"1","3",0,"1",3,"ARMOUR ENERGY LIMITED"
1,"1","3",0,"1",3,"ARMOUR ENERGY LIMITED"
39,"1","3",1,"1",66,"GRUPO R EXPLORACIÓN Y PRODUCCIÓN, S.A. DE C.V."
1,"1","3",0,"1",3,"ARMOUR ENERGY LIMITED"
40,"1","3",0,"1",55,"GRUPO VORDCAB, S.A. DE C.V."
40,"1","3",0,"1",102,"OCM VORDCAB, S.A. DE C.V."
1,"1","3",1,"1",3,"ARMOUR ENERGY LIMITED"
1,"1","3",0,"1",3,"ARMOUR ENERGY LIMITED"
42,"1","3",1,"1",74,"IBEROAMERICANA DE HIDROCARBUROS, S.A. DE C.V."
1,"1","3",1,"0",3,"ARMOUR ENERGY LIMITED"
1,"1","3",1,"0",3,"ARMOUR ENERGY LIMITED"
46,"1","3",0,"1",78,"JAGUAR EXPLORACIÓN Y PRODUCCIÓN DE HIDROCARBUROS, S.A.P.I. DE C.V."
46,"1","3",0,"1",44,"ENERGÍA AMERICAS II, LLC"
45,"1","3",1,"1",78,"JAGUAR EXPLORACIÓN Y PRODUCCIÓN DE HIDROCARBUROS, S.A.P.I. DE C.V."
1,"1","3",0,"1",3,"ARMOUR ENERGY LIMITED"
1,"1","3",1,"1",3,"ARMOUR ENERGY LIMITED"
1,"1","3",1,"1",3,"ARMOUR ENERGY LIMITED"
1,"1","3",1,"0",3,"ARMOUR ENERGY LIMITED"
55,"1","3",0,"1",95,"NUVOIL, S.A. DE C.V."
55,"1","3",0,"1",152,"SISTEMAS INTEGRALES DE COMPRESIÓN, S.A. DE C.V."
55,"1","3",0,"1",31,"CONSTRUCTORA MARUSA, S.A. DE C.V."
1,"1","3",1,"1",3,"ARMOUR ENERGY LIMITED"
1,"1","3",0,"1",3,"ARMOUR ENERGY LIMITED"
1,"1","3",0,"1",3,"ARMOUR ENERGY LIMITED"
1,"1","3",0,"1",3,"ARMOUR ENERGY LIMITED"
1,"1","3",1,"1",3,"ARMOUR ENERGY LIMITED"
1,"1","3",0,"1",3,"ARMOUR ENERGY LIMITED"
1,"1","3",0,"1",3,"ARMOUR ENERGY LIMITED"
1,"1","3",0,"1",3,"ARMOUR ENERGY LIMITED"
1,"1","3",1,"1",3,"ARMOUR ENERGY LIMITED"
1,"1","3",0,"1",3,"ARMOUR ENERGY LIMITED"
1,"1","3",1,"1",3,"ARMOUR ENERGY LIMITED"
1,"1","3",1,"0",3,"ARMOUR ENERGY LIMITED"
58,"1","3",0,"1",2,"AMERICAN OIL TOOLS, S. DE R.L. DE C.V."
58,"1","3",0,"1",10,"CANAMEX DUTCH B.V."
58,"1","3",0,"1",111,"PERFOLAT DE MÉXICO, S.A. DE C.V."
1,"1","3",1,"1",3,"ARMOUR ENERGY LIMITED"
1,"1","3",0,"1",3,"ARMOUR ENERGY LIMITED"
1,"1","3",0,"1",3,"ARMOUR ENERGY LIMITED"
1,"1","3",1,"1",3,"ARMOUR ENERGY LIMITED"
61,"1","3",0,"1",123,"PETROSOUTH PROPERTIES"
61,"1","3",0,"1",122,"PETROBAL, S.A.P.I. DE C.V."
60,"1","3",1,"1",122,"PETROBAL, S.A.P.I. DE C.V."
1,"1","3",0,"1",3,"ARMOUR ENERGY LIMITED"
62,"1","3",1,"1",114,"PETROLEUM INCREMENTAL INC, S. DE R.L. DE C.V."
1,"1","3",1,"0",3,"ARMOUR ENERGY LIMITED"
1,"1","3",1,"0",3,"ARMOUR ENERGY LIMITED"
69,"1","3",1,"1",135,"RENAISSANCE OIL CORP., S.A. DE C.V."
87,"1","3",1,"1",158,"SÁNCHEZ-OLIUM, S. DE R.L. DE C.V."
74,"1","3",1,"1",139,"SARREAL, S.A. DE C.V."
1,"1","3",0,"1",3,"ARMOUR ENERGY LIMITED"
1,"1","3",1,"1",3,"ARMOUR ENERGY LIMITED"
1,"1","3",0,"1",3,"ARMOUR ENERGY LIMITED"
75,"1","3",1,"1",146,"SERVICIOS DE EXTRACCIÓN PETROLERA LIFTING DE MÉXICO, S.A. DE C.V."
76,"1","3",1,"1",145,"SERVICIOS PJP4 DE MÉXICO, S.A. DE C.V."
1,"1","3",1,"0",3,"ARMOUR ENERGY LIMITED"
81,"1","3",1,"0",153,"STATOIL E&P MÉXICO, S.A. DE C.V."
83,"1","3",0,"1",89,"MERCADO DE ARENAS SÍLICAS"
83,"1","3",0,"1",38,"DESARROLLO DE TECNOLOGÍA Y SERVICIOS INTEGRALES, S.A. DE C.V."
83,"1","3",0,"1",30,"CONSTRUCTORA HOSTOTIPAQUILLO, S.A. DE C.V."
83,"1","3",0,"1",142,"STEEL SERV, S.A. DE C.V."
1,"1","3",1,"1",3,"ARMOUR ENERGY LIMITED"
1,"1","3",0,"1",3,"ARMOUR ENERGY LIMITED"
1,"1","3",0,"1",3,"ARMOUR ENERGY LIMITED"
1,"1","3",0,"1",3,"ARMOUR ENERGY LIMITED"
84,"1","3",1,"1",154,"STRATA CAMPOS MADUROS, S.A.P.I. DE C.V."
85,"1","3",1,"1",156,"SUN GOD ENERGÍA DE MÉXICO, S.A. DE C.V."
88,"1","3",1,"1",159,"T5 ENERMUSA, S.A.P.I. DE C.V."
89,"1","3",1,"1",163,"TECPETROL INTERNACIONAL S.L."
91,"1","3",0,"1",113,"PETRODATA SERVICES, S.A. DE C.V."
91,"1","3",0,"1",164,"TORENCO ENERGY INC."
1,"1","3",1,"1",3,"ARMOUR ENERGY LIMITED"
1,"1","3",0,"1",3,"ARMOUR ENERGY LIMITED"
1,"1","3",1,"0",3,"ARMOUR ENERGY LIMITED"
93,"1","3",0,"1",136,"ROMA ENERGY HOLDINGS, LLC"
93,"1","3",0,"1",161,"TUBULAR TECHNOLOGY, S.A. DE C.V."
93,"1","3",0,"1",57,"GX GEOSCIENCE CORPORATION, S. DE R.L. DE C.V."
1,"1","3",1,"1",3,"ARMOUR ENERGY LIMITED"
1,"1","3",0,"1",3,"ARMOUR ENERGY LIMITED"
1,"1","3",0,"1",3,"ARMOUR ENERGY LIMITED"
12,"1","3",0,"1",15,"COMPAÑÍA PETROLERA PERSEUS, S.A. DE C.V."
1,"1","3",0,"1",3,"ARMOUR ENERGY LIMITED"
90,"1","3",0,"1",160,"TONALLI ENERGÍA, S.A.P.I. DE C.V."
2,"1","4",0,"1",148,"SHELL EXPLORACIÓN Y EXTRACCIÓN DE MÉXICO, S.A. DE C.V."
2,"1","4",0,"1",4,"ATLANTIC RIM MÉXICO, S. DE R.L. DE C.V."
1,"1","4",1,"1",3,"ARMOUR ENERGY LIMITED"
3,"1","4",1,"1",6,"BHP BILLITON PETRÓLEO OPERACIONES DE MÉXICO, S. DE R.L. DE C.V."
4,"1","4",1,"1",8,"BP EXPLORATION MÉXICO, S.A. DE C.V."
9,"1","4",0,"1",128,"PETRÓLEOS MEXICANOS"
9,"1","4",0,"1",75,"INPEX CORPORATION"
9,"1","4",0,"1",22,"CHEVRON ENERGÍA DE MÉXICO, S. DE R.L. DE C.V."
1,"1","4",1,"1",3,"ARMOUR ENERGY LIMITED"
10,"1","4",1,"1",23,"CHINA OFFSHORE OIL CORPORATION E&P MÉXICO, S.A.P.I. DE C.V."
29,"1","4",0,"1",83,"LUKOIL OVERSEAS NETHERLANDS B.V."
29,"1","4",0,"1",45,"ENI INTERNATIONAL B.V."
25,"1","4",1,"1",45,"ENI INTERNATIONAL B.V."
30,"1","4",0,"1",165,"TOTAL, S.A."
30,"1","4",0,"1",46,"EXXONMOBIL EXPLORACIÓN Y PRODUCCIÓN MÉXICO, S. DE R.L. DE C.V."
1,"1","4",1,"1",3,"ARMOUR ENERGY LIMITED"
1,"1","4",0,"1",3,"ARMOUR ENERGY LIMITED"
1,"1","4",1,"1",3,"ARMOUR ENERGY LIMITED"
1,"1","4",1,"1",3,"ARMOUR ENERGY LIMITED"
1,"1","4",1,"0",3,"ARMOUR ENERGY LIMITED"
47,"1","4",0,"1",83,"LUKOIL OVERSEAS NETHERLANDS B.V."
1,"1","4",1,"1",3,"ARMOUR ENERGY LIMITED"
1,"1","4",0,"1",3,"ARMOUR ENERGY LIMITED"
49,"1","4",0,"1",150,"SIERRA OIL & GAS, S. DE R.L. DE C.V."
49,"1","4",0,"1",115,"PETRONAS CARIGALI INTERNATIONAL E&P B.V."
49,"1","4",0,"1",107,"OPHIR MEXICO HOLDINGS LIMITED"
49,"1","4",0,"1",92,"MURPHY WORLDWIDE, INC."
48,"1","4",1,"1",92,"MURPHY WORLDWIDE, INC."
1,"1","4",1,"1",3,"ARMOUR ENERGY LIMITED"
56,"1","4",0,"1",105,"ONGC VIDESH LIMITED"
1,"1","4",0,"1",3,"ARMOUR ENERGY LIMITED"
1,"1","4",1,"1",3,"ARMOUR ENERGY LIMITED"
1,"1","4",1,"1",3,"ARMOUR ENERGY LIMITED"
1,"1","4",1,"1",3,"ARMOUR ENERGY LIMITED"
66,"1","4",1,"1",128,"PETRÓLEOS MEXICANOS"
70,"1","4",1,"1",137,"REPSOL EXPLORACIÓN MÉXICO, S.A. DE C.V."
1,"1","4",1,"1",3,"ARMOUR ENERGY LIMITED"
78,"1","4",0,"1",150,"SIERRA OIL & GAS, S. DE R.L. DE C.V."
78,"1","4",0,"1",115,"PETRONAS CARIGALI INTERNATIONAL E&P B.V."
1,"1","4",0,"1",3,"ARMOUR ENERGY LIMITED"
82,"1","4",0,"1",153,"STATOIL E&P MÉXICO, S.A. DE C.V."
82,"1","4",0,"1",165,"TOTAL, S.A."
82,"1","4",0,"1",8,"BP EXPLORATION MÉXICO, S.A. DE C.V."
81,"1","4",1,"1",153,"STATOIL E&P MÉXICO, S.A. DE C.V."
1,"1","4",1,"1",3,"ARMOUR ENERGY LIMITED"
1,"ASOCIACION","TRION",1,"0",3,"ARMOUR ENERGY LIMITED"
3,"ASOCIACION","TRION",1,"1",6,"BHP BILLITON PETRÓLEO OPERACIONES DE MÉXICO, S. DE R.L. DE C.V."
4,"ASOCIACION","TRION",1,"1",8,"BP EXPLORATION MÉXICO, S.A. DE C.V."
1,"ASOCIACION","TRION",1,"1",3,"ARMOUR ENERGY LIMITED"
1,"ASOCIACION","TRION",1,"1",3,"ARMOUR ENERGY LIMITED"
1,"ASOCIACION","TRION",1,"1",3,"ARMOUR ENERGY LIMITED"
1,"ASOCIACION","TRION",1,"1",3,"ARMOUR ENERGY LIMITED"
1,"ASOCIACION","TRION",1,"1",3,"ARMOUR ENERGY LIMITED"
1,"ASOCIACION","TRION",1,"1",3,"ARMOUR ENERGY LIMITED"
1,"ASOCIACION","TRION",1,"1",3,"ARMOUR ENERGY LIMITED"
47,"ASOCIACION","TRION",1,"1",83,"LUKOIL OVERSEAS NETHERLANDS B.V."
4,"2","1",1,"0",8,"BP EXPLORATION MÉXICO, S.A. DE C.V."
11,"2","1",1,"1",24,"CITLA ENERGY ONSHORE, S.A.P.I. DE C.V."
1,"2","1",1,"1",3,"ARMOUR ENERGY LIMITED"
1,"2","1",1,"1",3,"ARMOUR ENERGY LIMITED"
16,"2","1",1,"1",35,"DEA DEUTSCHE ERDOEL AG"
41,"2","1",1,"1",69,"HUNT OVERSEAS OIL COMPANY"
48,"2","1",1,"1",92,"MURPHY WORLDWIDE, INC."
1,"2","1",1,"1",3,"ARMOUR ENERGY LIMITED"
66,"2","1",1,"1",128,"PETRÓLEOS MEXICANOS"
1,"2","1",1,"1",3,"ARMOUR ENERGY LIMITED"
70,"2","1",1,"1",137,"REPSOL EXPLORACIÓN MÉXICO, S.A. DE C.V."
1,"2","1",1,"1",3,"ARMOUR ENERGY LIMITED"
1,"2","1",1,"0",3,"ARMOUR ENERGY LIMITED"
81,"2","1",1,"0",153,"STATOIL E&P MÉXICO, S.A. DE C.V."
1,"2","1",1,"1",3,"ARMOUR ENERGY LIMITED"
1,"2","2",1,"1",3,"ARMOUR ENERGY LIMITED"
1,"2","1",1,"1",3,"ARMOUR ENERGY LIMITED"
1,"2","1",1,"0",3,"ARMOUR ENERGY LIMITED"
25,"2","1",1,"1",45,"ENI INTERNATIONAL B.V."
1,"2","1",1,"1",3,"ARMOUR ENERGY LIMITED"
89,"2","2",1,"1",163,"TECPETROL INTERNACIONAL S.L."
1,"2","2",1,"0",3,"ARMOUR ENERGY LIMITED"
36,"2","2",1,"1",64,"GRAN TIERRA ENERGY INC."
47,"2","1",1,"1",83,"LUKOIL OVERSEAS NETHERLANDS B.V."
56,"2","1",1,"1",105,"ONGC VIDESH LIMITED"
1,"2","1",1,"1",3,"ARMOUR ENERGY LIMITED"
1,"2","1",1,"1",3,"ARMOUR ENERGY LIMITED"
1,"2","1",1,"0",3,"ARMOUR ENERGY LIMITED"
36,"2","3",1,"1",64,"GRAN TIERRA ENERGY INC."
42,"2","2",1,"1",74,"IBEROAMERICANA DE HIDROCARBUROS, S.A. DE C.V."
45,"2","2",1,"1",78,"JAGUAR EXPLORACIÓN Y PRODUCCIÓN DE HIDROCARBUROS, S.A.P.I. DE C.V."
1,"2","2",1,"1",3,"ARMOUR ENERGY LIMITED"
1,"2","2",1,"1",3,"ARMOUR ENERGY LIMITED"
7,"2","3",1,"1",21,"CARSO OIL AND GAS, S.A. DE C.V."
1,"2","3",1,"1",3,"ARMOUR ENERGY LIMITED"
39,"2","3",1,"1",66,"GRUPO R EXPLORACIÓN Y PRODUCCIÓN, S.A. DE C.V."
42,"2","3",1,"1",74,"IBEROAMERICANA DE HIDROCARBUROS, S.A. DE C.V."
45,"2","3",1,"1",78,"JAGUAR EXPLORACIÓN Y PRODUCCIÓN DE HIDROCARBUROS, S.A.P.I. DE C.V."
1,"2","3",1,"1",3,"ARMOUR ENERGY LIMITED"
57,"2","3",1,"1",109,"P&S OIL AND GAS, S. DE R.L. DE C.V."
1,"2","3",1,"1",3,"ARMOUR ENERGY LIMITED"
90,"2","3",1,"1",160,"TONALLI ENERGÍA, S.A.P.I. DE C.V."
1,"2","3",1,"0",3,"ARMOUR ENERGY LIMITED"
1,"2","3",1,"0",3,"ARMOUR ENERGY LIMITED"
1,"2","1",1,"0",3,"ARMOUR ENERGY LIMITED"
1,"2","1",1,"0",3,"ARMOUR ENERGY LIMITED"
60,"2","1",1,"0",122,"PETROBAL, S.A.P.I. DE C.V."
1,"2","1",1,"0",3,"ARMOUR ENERGY LIMITED"
1,"2","1",1,"1",3,"ARMOUR ENERGY LIMITED"
10,"2","1",1,"1",23,"CHINA OFFSHORE OIL CORPORATION E&P MÉXICO, S.A.P.I. DE C.V."
1,"2","3",1,"1",3,"ARMOUR ENERGY LIMITED"
1,"ASOCIACION","ASOCIACION",1,"",3,"ARMOUR ENERGY LIMITED"
14,"2","3",1,"0",16,"CONSTRUCCIONES Y SERVICIOS INDUSTRIALES GLOBALES, S.A. DE C.V."
1,"2","3",1,"0",3,"ARMOUR ENERGY LIMITED"
60,"2","3",1,"1",122,"PETROBAL, S.A.P.I. DE C.V."
1,"2","2",1,"0",3,"ARMOUR ENERGY LIMITED"
59,"2","2",1,"1",112,"PERSEUS EXPLORACIÓN TERRESTRE, S.A. DE C.V."
1,"2","3",1,"1",3,"ARMOUR ENERGY LIMITED"
21,"2","3",1,"0",39,"DIAVAZ OFFSHORE, S.A.P.I. DE C.V."
1,"2","3",1,"0",3,"ARMOUR ENERGY LIMITED"
59,"2","3",1,"1",112,"PERSEUS EXPLORACIÓN TERRESTRE, S.A. DE C.V."
1,"2","3",1,"1",3,"ARMOUR ENERGY LIMITED"
1,"2","3",1,"0",3,"ARMOUR ENERGY LIMITED"
1,"2","3",1,"1",3,"ARMOUR ENERGY LIMITED"
10,"ASOCIACION","ASOCIACION",1,"",23,"CHINA OFFSHORE OIL CORPORATION E&P MÉXICO, S.A.P.I. DE C.V."
1,"2","1",0,"1",3,"ARMOUR ENERGY LIMITED"
1,"2","1",0,"1",3,"ARMOUR ENERGY LIMITED"
1,"2","1",0,"1",3,"ARMOUR ENERGY LIMITED"
6,"2","1",0,"1",11,"CAPRICORN ENERGY LIMITED"
6,"2","1",0,"1",24,"CITLA ENERGY ONSHORE, S.A.P.I. DE C.V."
21,"2","1",0,"1",39,"DIAVAZ OFFSHORE, S.A.P.I. DE C.V."
17,"2","1",0,"1",39,"DIAVAZ OFFSHORE, S.A.P.I. DE C.V."
17,"2","1",0,"1",35,"DEA DEUTSCHE ERDOEL AG"
26,"2","1",0,"1",24,"CITLA ENERGY ONSHORE, S.A.P.I. DE C.V."
26,"2","1",0,"1",11,"CAPRICORN ENERGY LIMITED"
26,"2","1",0,"1",45,"ENI INTERNATIONAL B.V."
50,"2","1",0,"1",92,"MURPHY WORLDWIDE, INC."
50,"2","1",0,"1",107,"OPHIR MEXICO HOLDINGS LIMITED"
50,"2","1",0,"1",162,"TALOS ENERGY LLC"
1,"2","1",0,"1",3,"ARMOUR ENERGY LIMITED"
1,"2","1",0,"1",3,"ARMOUR ENERGY LIMITED"
89,"ASOCIACION","ASOCIACION",1,"",163,"TECPETROL INTERNACIONAL S.L."
60,"ASOCIACION","ASOCIACION",1,"",122,"PETROBAL, S.A.P.I. DE C.V."
9,"2","1",0,"1",128,"PETRÓLEOS MEXICANOS"
9,"2","1",0,"1",75,"INPEX CORPORATION"
9,"2","1",0,"1",22,"CHEVRON ENERGÍA DE MÉXICO, S. DE R.L. DE C.V."
18,"2","1",0,"1",128,"PETRÓLEOS MEXICANOS"
18,"2","1",0,"1",35,"DEA DEUTSCHE ERDOEL AG"
28,"2","1",0,"1",24,"CITLA ENERGY ONSHORE, S.A.P.I. DE C.V."
28,"2","1",0,"1",45,"ENI INTERNATIONAL B.V."
29,"2","1",0,"1",83,"LUKOIL OVERSEAS NETHERLANDS B.V."
29,"2","1",0,"1",45,"ENI INTERNATIONAL B.V."
54,"2","1",0,"1",162,"TALOS ENERGY LLC"
54,"2","1",0,"1",99,"NOBLE ENERGY MÉXICO, S. DE R.L. DE C.V."
53,"2","1",0,"1",115,"PETRONAS CARIGALI INTERNATIONAL E&P B.V."
53,"2","1",0,"1",41,"ECOPETROL GLOBAL ENERGY S.L."
53,"2","1",0,"1",99,"NOBLE ENERGY MÉXICO, S. DE R.L. DE C.V."
63,"2","1",0,"1",41,"ECOPETROL GLOBAL ENERGY S.L."
63,"2","1",0,"1",115,"PETRONAS CARIGALI INTERNATIONAL E&P B.V."
67,"2","1",0,"1",41,"ECOPETROL GLOBAL ENERGY S.L."
67,"2","1",0,"1",128,"PETRÓLEOS MEXICANOS"
71,"2","1",0,"1",141,"SIERRA PEROTE E&P, S. DE R.L. DE C.V."
71,"2","1",0,"1",132,"PREMIER OIL PLC"
71,"2","1",0,"1",137,"REPSOL EXPLORACIÓN MÉXICO, S.A. DE C.V."
72,"2","1",0,"1",141,"SIERRA PEROTE E&P, S. DE R.L. DE C.V."
72,"2","1",0,"1",137,"REPSOL EXPLORACIÓN MÉXICO, S.A. DE C.V."
92,"2","1",0,"1",148,"SHELL EXPLORACIÓN Y EXTRACCIÓN DE MÉXICO, S.A. DE C.V."
92,"2","1",0,"1",165,"TOTAL, S.A."
1,"2","2",0,"1",3,"ARMOUR ENERGY LIMITED"
76,"2","2",0,"1",145,"SERVICIOS PJP4 DE MÉXICO, S.A. DE C.V."
1,"2","2",0,"1",3,"ARMOUR ENERGY LIMITED"
85,"2","2",0,"1",156,"SUN GOD ENERGÍA DE MÉXICO, S.A. DE C.V."
39,"2","2",0,"1",66,"GRUPO R EXPLORACIÓN Y PRODUCCIÓN, S.A. DE C.V."
19,"2","3",0,"1",36,"DEP PYG, S.A.P.I. DE C.V."
1,"2","3",0,"1",3,"ARMOUR ENERGY LIMITED"
76,"2","3",0,"1",145,"SERVICIOS PJP4 DE MÉXICO, S.A. DE C.V."
1,"2","3",0,"1",3,"ARMOUR ENERGY LIMITED"
1,"2","3",0,"1",3,"ARMOUR ENERGY LIMITED"
1,"2","3",0,"1",3,"ARMOUR ENERGY LIMITED"
1,"2","3",0,"1",3,"ARMOUR ENERGY LIMITED"
1,"2","3",0,"1",3,"ARMOUR ENERGY LIMITED"
1,"2","3",0,"1",3,"ARMOUR ENERGY LIMITED"
1,"2","3",0,"1",3,"ARMOUR ENERGY LIMITED"
1,"2","3",0,"1",3,"ARMOUR ENERGY LIMITED"
1,"2","3",0,"1",3,"ARMOUR ENERGY LIMITED"
1,"2","3",0,"1",3,"ARMOUR ENERGY LIMITED"
1,"2","3",0,"1",3,"ARMOUR ENERGY LIMITED"
1,"2","3",0,"1",3,"ARMOUR ENERGY LIMITED"
1,"2","3",0,"1",3,"ARMOUR ENERGY LIMITED"
51,"2","3",0,"1",97,"NEWPEK EXPLORACIÓN Y EXTRACCIÓN, S.A. DE C.V."
51,"2","3",0,"1",167,"VERDAD EXPLORATION MEXICO LLC"
52,"2","3",0,"1",127,"PETRÓLEOS MADERE, S.A. DE C.V."
52,"2","3",0,"1",1,"AINDA CONSULTORES, S.A. DE C.V."
52,"2","3",0,"1",94,"NG OIL AND GAS, S.A.P.I. DE C.V."
65,"2","3",0,"1",134,"QUÍMICA APOLLO, S.A. DE C.V."
65,"2","3",0,"1",125,"PETROSYNERGY, S.A."
68,"2","3",0,"1",133,"PROMOTORA Y OPERADORA DE INFRAESTRUCTURA, S.A.B. DE C.V."
68,"2","3",0,"1",29,"CONSORCIO PETROLERO 5M DEL GOLFO, S.A.P.I. DE C.V."
1,"2","3",0,"1",3,"ARMOUR ENERGY LIMITED"
77,"2","3",0,"1",101,"NUEVAS SOLUCIONES ENERGÉTICAS A&P, S.A. DE C.V."
77,"2","3",0,"1",149,"SICOVAL MX, S.A. DE C.V."
77,"2","3",0,"1",147,"SHANDONG KERUI OILFIELD SERVICE GROUP CO., LTD"
1,"2","2",0,"1",3,"ARMOUR ENERGY LIMITED"
51,"2","2",0,"1",97,"NEWPEK EXPLORACIÓN Y EXTRACCIÓN, S.A. DE C.V."
51,"2","2",0,"1",167,"VERDAD EXPLORATION MEXICO LLC"
86,"2","2",0,"1",156,"SUN GOD ENERGÍA DE MÉXICO, S.A. DE C.V."
86,"2","2",0,"1",78,"JAGUAR EXPLORACIÓN Y PRODUCCIÓN DE HIDROCARBUROS, S.A.P.I. DE C.V."
1,"2","2",0,"1",3,"ARMOUR ENERGY LIMITED"
