"ID_LICITANTE","ID_EMPRESA","EMPRESA","PAIS"
52,1,"AINDA CONSULTORES, S.A. DE C.V.","MÉXICO"
58,2,"AMERICAN OIL TOOLS, S. DE R.L. DE C.V.","ESTADOS UNIDOS"
1,3,"ARMOUR ENERGY LIMITED","AUSTRALIA"
2,4,"ATLANTIC RIM MÉXICO, S. DE R.L. DE C.V.","ESTADOS UNIDOS"
3,6,"BHP BILLITON PETRÓLEO OPERACIONES DE MÉXICO, S. DE R.L. DE C.V.","AUSTRALIA"
82,8,"BP EXPLORATION MÉXICO, S.A. DE C.V.","REINO UNIDO"
4,8,"BP EXPLORATION MÉXICO, S.A. DE C.V.","REINO UNIDO"
5,9,"CAABSA INFRAESTRUCTURA, S.A. DE C.V.","MÉXICO"
58,10,"CANAMEX DUTCH B.V.","HOLANDA"
26,11,"CAPRICORN ENERGY LIMITED","REINO UNIDO"
6,11,"CAPRICORN ENERGY LIMITED","REINO UNIDO"
27,12,"CASA EXPLORATION, L.P.","ESTADOS UNIDOS"
8,13,"CHEIRON HOLDINGS LIMITED","EGIPTO"
12,15,"COMPAÑÍA PETROLERA PERSEUS, S.A. DE C.V.","MÉXICO"
14,16,"CONSTRUCCIONES Y SERVICIOS INDUSTRIALES GLOBALES, S.A. DE C.V.","MÉXICO"
20,17,"CONSTRUCTORA TZAULAN","MÉXICO"
79,20,"CARSO ENERGY, S.A. DE C.V.","MÉXICO"
79,21,"CARSO OIL AND GAS, S.A. DE C.V.","MÉXICO"
7,21,"CARSO OIL AND GAS, S.A. DE C.V.","MÉXICO"
9,22,"CHEVRON ENERGÍA DE MÉXICO, S. DE R.L. DE C.V.","ESTADOS UNIDOS"
10,23,"CHINA OFFSHORE OIL CORPORATION E&P MÉXICO, S.A.P.I. DE C.V.","CHINA"
28,24,"CITLA ENERGY ONSHORE, S.A.P.I. DE C.V.","MÉXICO"
26,24,"CITLA ENERGY ONSHORE, S.A.P.I. DE C.V.","MÉXICO"
11,24,"CITLA ENERGY ONSHORE, S.A.P.I. DE C.V.","MÉXICO"
6,24,"CITLA ENERGY ONSHORE, S.A.P.I. DE C.V.","MÉXICO"
13,28,"CONSORCIO MANUFACTURERO MEXICANO, S.A. DE C.V.","MÉXICO"
68,29,"CONSORCIO PETROLERO 5M DEL GOLFO, S.A.P.I. DE C.V.","MÉXICO"
83,30,"CONSTRUCTORA HOSTOTIPAQUILLO, S.A. DE C.V.","MÉXICO"
55,31,"CONSTRUCTORA MARUSA, S.A. DE C.V.","MÉXICO"
15,33,"CONTROLADORA DE INFRAESTRUCTURA PETROLERA MÉXICO, S.A. DE C.V.","MÉXICO"
18,35,"DEA DEUTSCHE ERDOEL AG","ALEMANIA"
17,35,"DEA DEUTSCHE ERDOEL AG","ALEMANIA"
16,35,"DEA DEUTSCHE ERDOEL AG","ALEMANIA"
19,36,"DEP PYG, S.A.P.I. DE C.V.","MÉXICO"
20,37,"DESARROLLADORA OLEUM, S.A. DE C.V.","MÉXICO"
83,38,"DESARROLLO DE TECNOLOGÍA Y SERVICIOS INTEGRALES, S.A. DE C.V.","MÉXICO"
21,39,"DIAVAZ OFFSHORE, S.A.P.I. DE C.V.","MÉXICO"
17,39,"DIAVAZ OFFSHORE, S.A.P.I. DE C.V.","MÉXICO"
23,40,"E&P HIDROCARBUROS Y SERVICIOS, S.A. DE C.V.","ARGENTINA"
22,40,"E&P HIDROCARBUROS Y SERVICIOS, S.A. DE C.V.","ARGENTINA"
67,41,"ECOPETROL GLOBAL ENERGY S.L.","COLOMBIA"
63,41,"ECOPETROL GLOBAL ENERGY S.L.","COLOMBIA"
53,41,"ECOPETROL GLOBAL ENERGY S.L.","COLOMBIA"
24,41,"ECOPETROL GLOBAL ENERGY S.L.","COLOMBIA"
46,44,"ENERGÍA AMERICAS II, LLC","ESTADOS UNIDOS"
29,45,"ENI INTERNATIONAL B.V.","ITALIA"
28,45,"ENI INTERNATIONAL B.V.","ITALIA"
27,45,"ENI INTERNATIONAL B.V.","ITALIA"
26,45,"ENI INTERNATIONAL B.V.","ITALIA"
25,45,"ENI INTERNATIONAL B.V.","ITALIA"
30,46,"EXXONMOBIL EXPLORACIÓN Y PRODUCCIÓN MÉXICO, S. DE R.L. DE C.V.","ESTADOS UNIDOS"
31,47,"FIELDWOOD ENERGY LLC","ESTADOS UNIDOS"
33,52,"GEO ESTRATOS MXOIL EXPLORACIÓN Y PRODUCCIÓN, S.A.P.I. DE C.V.","MÉXICO"
35,53,"GPA ENERGY, S.A. DE C.V.","MÉXICO"
37,54,"GRUPO DIARQCO, S.A. DE C.V.","MÉXICO"
40,55,"GRUPO VORDCAB, S.A. DE C.V.","MÉXICO"
93,57,"GX GEOSCIENCE CORPORATION, S. DE R.L. DE C.V.","ESTADOS UNIDOS"
64,58,"GALP ENERGÍA E&P B.V.","PORTUGAL"
32,59,"GENERADORA Y ABASTECEDORA DE ENERGÍA DE MÉXICO, S.A. DE C.V.","MÉXICO"
33,60,"GEO ESTRATOS, S.A. DE C.V.","MÉXICO"
34,62,"GEOPARK LIMITED","CHILE"
73,63,"GOLFO SUPLEMENTO LATINO, S.A. DE C.V.","MÉXICO"
36,64,"GRAN TIERRA ENERGY INC.","CANADÁ"
38,65,"GRUPO INDUSTRIAL DE TABASCO, S.A. DE C.V.","MÉXICO"
39,66,"GRUPO R EXPLORACIÓN Y PRODUCCIÓN, S.A. DE C.V.","MÉXICO"
41,69,"HUNT OVERSEAS OIL COMPANY","ESTADOS UNIDOS"
20,72,"INDUSTRIAL CONSULTING","COLOMBIA"
20,73,"INGENIERÍA CONSTRUCCIONES Y EQUIPOS CONEQUIPOS","COLOMBIA"
44,74,"IBEROAMERICANA DE HIDROCARBUROS, S.A. DE C.V.","MÉXICO"
43,74,"IBEROAMERICANA DE HIDROCARBUROS, S.A. DE C.V.","MÉXICO"
42,74,"IBEROAMERICANA DE HIDROCARBUROS, S.A. DE C.V.","MÉXICO"
9,75,"INPEX CORPORATION","JAPÓN"
86,78,"JAGUAR EXPLORACIÓN Y PRODUCCIÓN DE HIDROCARBUROS, S.A.P.I. DE C.V.","MÉXICO"
46,78,"JAGUAR EXPLORACIÓN Y PRODUCCIÓN DE HIDROCARBUROS, S.A.P.I. DE C.V.","MÉXICO"
45,78,"JAGUAR EXPLORACIÓN Y PRODUCCIÓN DE HIDROCARBUROS, S.A.P.I. DE C.V.","MÉXICO"
47,83,"LUKOIL OVERSEAS NETHERLANDS B.V.","RUSIA"
29,83,"LUKOIL OVERSEAS NETHERLANDS B.V.","RUSIA"
20,85,"MARAT INTERNATIONAL","MÉXICO"
83,89,"MERCADO DE ARENAS SÍLICAS","MÉXICO"
50,92,"MURPHY WORLDWIDE, INC.","ESTADOS UNIDOS"
49,92,"MURPHY WORLDWIDE, INC.","ESTADOS UNIDOS"
48,92,"MURPHY WORLDWIDE, INC.","ESTADOS UNIDOS"
52,94,"NG OIL AND GAS, S.A.P.I. DE C.V.","MÉXICO"
55,95,"NUVOIL, S.A. DE C.V.","MÉXICO"
51,97,"NEWPEK EXPLORACIÓN Y EXTRACCIÓN, S.A. DE C.V.","MÉXICO"
43,97,"NEWPEK EXPLORACIÓN Y EXTRACCIÓN, S.A. DE C.V.","MÉXICO"
34,97,"NEWPEK EXPLORACIÓN Y EXTRACCIÓN, S.A. DE C.V.","MÉXICO"
54,99,"NOBLE ENERGY MÉXICO, S. DE R.L. DE C.V.","ESTADOS UNIDOS"
53,99,"NOBLE ENERGY MÉXICO, S. DE R.L. DE C.V.","ESTADOS UNIDOS"
77,101,"NUEVAS SOLUCIONES ENERGÉTICAS A&P, S.A. DE C.V.","MÉXICO"
40,102,"OCM VORDCAB, S.A. DE C.V.","MÉXICO"
5,103,"OLEODUCTO DEL NORTE DE COLOMBIA","COLOMBIA"
56,105,"ONGC VIDESH LIMITED","INDIA"
50,107,"OPHIR MEXICO HOLDINGS LIMITED","REINO UNIDO"
49,107,"OPHIR MEXICO HOLDINGS LIMITED","REINO UNIDO"
57,109,"P&S OIL AND GAS, S. DE R.L. DE C.V.","ESTADOS UNIDOS"
58,111,"PERFOLAT DE MÉXICO, S.A. DE C.V.","MÉXICO"
59,112,"PERSEUS EXPLORACIÓN TERRESTRE, S.A. DE C.V.","MÉXICO"
91,113,"PETRODATA SERVICES, S.A. DE C.V.","MÉXICO"
62,114,"PETROLEUM INCREMENTAL INC, S. DE R.L. DE C.V.","MÉXICO"
78,115,"PETRONAS CARIGALI INTERNATIONAL E&P B.V.","MALASIA"
64,115,"PETRONAS CARIGALI INTERNATIONAL E&P B.V.","MALASIA"
63,115,"PETRONAS CARIGALI INTERNATIONAL E&P B.V.","MALASIA"
53,115,"PETRONAS CARIGALI INTERNATIONAL E&P B.V.","MALASIA"
49,115,"PETRONAS CARIGALI INTERNATIONAL E&P B.V.","MALASIA"
23,119,"PAN AMERICAN ENERGY LLC","ARGENTINA"
61,122,"PETROBAL, S.A.P.I. DE C.V.","MÉXICO"
60,122,"PETROBAL, S.A.P.I. DE C.V.","MÉXICO"
31,122,"PETROBAL, S.A.P.I. DE C.V.","MÉXICO"
61,123,"PETROSOUTH PROPERTIES","ESTADOS UNIDOS"
65,125,"PETROSYNERGY, S.A.","URUGUAY"
52,127,"PETRÓLEOS MADERE, S.A. DE C.V.","MÉXICO"
67,128,"PETRÓLEOS MEXICANOS","MÉXICO"
66,128,"PETRÓLEOS MEXICANOS","MÉXICO"
18,128,"PETRÓLEOS MEXICANOS","MÉXICO"
9,128,"PETRÓLEOS MEXICANOS","MÉXICO"
80,132,"PREMIER OIL PLC","REINO UNIDO"
71,132,"PREMIER OIL PLC","REINO UNIDO"
68,133,"PROMOTORA Y OPERADORA DE INFRAESTRUCTURA, S.A.B. DE C.V.","MÉXICO"
65,134,"QUÍMICA APOLLO, S.A. DE C.V.","MÉXICO"
69,135,"RENAISSANCE OIL CORP., S.A. DE C.V.","CANADÁ"
93,136,"ROMA ENERGY HOLDINGS, LLC","ESTADOS UNIDOS"
72,137,"REPSOL EXPLORACIÓN MÉXICO, S.A. DE C.V.","ESPAÑA"
71,137,"REPSOL EXPLORACIÓN MÉXICO, S.A. DE C.V.","ESPAÑA"
70,137,"REPSOL EXPLORACIÓN MÉXICO, S.A. DE C.V.","ESPAÑA"
73,138,"ROMA EXPLORATION AND PRODUCTION LLC","ESTADOS UNIDOS"
74,139,"SARREAL, S.A. DE C.V.","MÉXICO"
72,141,"SIERRA PEROTE E&P, S. DE R.L. DE C.V.","MÉXICO"
71,141,"SIERRA PEROTE E&P, S. DE R.L. DE C.V.","MÉXICO"
83,142,"STEEL SERV, S.A. DE C.V.","MÉXICO"
38,144,"SERVICIOS ASOCIADOS S.A.S.","COLOMBIA"
76,145,"SERVICIOS PJP4 DE MÉXICO, S.A. DE C.V.","MÉXICO"
44,145,"SERVICIOS PJP4 DE MÉXICO, S.A. DE C.V.","MÉXICO"
75,146,"SERVICIOS DE EXTRACCIÓN PETROLERA LIFTING DE MÉXICO, S.A. DE C.V.","MÉXICO"
77,147,"SHANDONG KERUI OILFIELD SERVICE GROUP CO., LTD","CHINA"
92,148,"SHELL EXPLORACIÓN Y EXTRACCIÓN DE MÉXICO, S.A. DE C.V.","HOLANDA"
2,148,"SHELL EXPLORACIÓN Y EXTRACCIÓN DE MÉXICO, S.A. DE C.V.","HOLANDA"
77,149,"SICOVAL MX, S.A. DE C.V.","MÉXICO"
80,150,"SIERRA OIL & GAS, S. DE R.L. DE C.V.","MÉXICO"
79,150,"SIERRA OIL & GAS, S. DE R.L. DE C.V.","MÉXICO"
78,150,"SIERRA OIL & GAS, S. DE R.L. DE C.V.","MÉXICO"
49,150,"SIERRA OIL & GAS, S. DE R.L. DE C.V.","MÉXICO"
55,152,"SISTEMAS INTEGRALES DE COMPRESIÓN, S.A. DE C.V.","MÉXICO"
82,153,"STATOIL E&P MÉXICO, S.A. DE C.V.","NORUEGA"
81,153,"STATOIL E&P MÉXICO, S.A. DE C.V.","NORUEGA"
84,154,"STRATA CAMPOS MADUROS, S.A.P.I. DE C.V.","MÉXICO"
73,155,"SUMINISTROS MARINOS E INDUSTRIALES DE MÉXICO, S.A. DE C.V.","MÉXICO"
86,156,"SUN GOD ENERGÍA DE MÉXICO, S.A. DE C.V.","MÉXICO"
85,156,"SUN GOD ENERGÍA DE MÉXICO, S.A. DE C.V.","MÉXICO"
87,158,"SÁNCHEZ-OLIUM, S. DE R.L. DE C.V.","ESTADOS UNIDOS"
88,159,"T5 ENERMUSA, S.A.P.I. DE C.V.","MÉXICO"
90,160,"TONALLI ENERGÍA, S.A.P.I. DE C.V.","MÉXICO"
93,161,"TUBULAR TECHNOLOGY, S.A. DE C.V.","MÉXICO"
73,161,"TUBULAR TECHNOLOGY, S.A. DE C.V.","MÉXICO"
80,162,"TALOS ENERGY LLC","ESTADOS UNIDOS"
79,162,"TALOS ENERGY LLC","ESTADOS UNIDOS"
54,162,"TALOS ENERGY LLC","ESTADOS UNIDOS"
50,162,"TALOS ENERGY LLC","ESTADOS UNIDOS"
89,163,"TECPETROL INTERNACIONAL S.L.","ESPAÑA"
91,164,"TORENCO ENERGY INC.","CANADÁ"
92,165,"TOTAL, S.A.","FRANCIA"
82,165,"TOTAL, S.A.","FRANCIA"
30,165,"TOTAL, S.A.","FRANCIA"
51,167,"VERDAD EXPLORATION MEXICO LLC","ESTADOS UNIDOS"
43,167,"VERDAD EXPLORATION MEXICO LLC","ESTADOS UNIDOS"
5,170,"ZENITH SERVICIOS PETROLEROS","MÉXICO"
