"ID_LICITANTE_OFERTA","ID_BLOQUE","VAR_ADJ1","VAR_ADJ2","VPO","BONO","ID_OPERADOR","GANADOR","SEGUNDO_LUGAR","ID_ADJ","ID_LICITANTE_ADJ","RONDA","LICITACION","HIDRO_PRINCIPAL"
80,"R1L1-2",55.99,10,51.972,0,26,80,41,1,80,"1","1","ACEITE LIGERO"
41,"R1L1-2",54.55,5,50.213,0,26,80,41,1,80,"1","1","ACEITE LIGERO"
48,"R1L1-3",35,5,0,0,,,,,,"1","1","ACEITE LIGERO"
48,"R1L1-4",35,5,0,0,,,,,,"1","1","ACEITE LIGERO"
56,"R1L1-6",20,5,0,0,,,,,,"1","1","ACEITE LIGERO"
80,"R1L1-7",68.99,10,63.672,0,25,80,81,1,80,"1","1","ACEITE LIGERO"
81,"R1L1-7",65,86,63.136,0,25,80,81,1,80,"1","1","ACEITE LIGERO"
41,"R1L1-7",65.11,15,60.535,0,25,80,81,1,80,"1","1","ACEITE LIGERO"
27,"R1L1-7",57,20,53.536,0,25,80,81,1,80,"1","1","ACEITE LIGERO"
23,"R1L1-7",27.26,6,25.758,0,25,80,81,1,80,"1","1","ACEITE LIGERO"
56,"R1L1-12",20,5,0,0,,,,,,"1","1","ACEITE PESADO"
25,"R1L2-AMOCA-TECOALLI-MIZTÓN",83.75,33,78.247,0,9,25,47,1,25,"1","2","ACEITE MEDIO"
47,"R1L2-AMOCA-TECOALLI-MIZTÓN",75.1,0,67.59,0,9,25,47,1,25,"1","2","ACEITE MEDIO"
23,"R1L2-AMOCA-TECOALLI-MIZTÓN",68.23,34,64.322,0,9,25,47,1,25,"1","2","ACEITE MEDIO"
81,"R1L2-AMOCA-TECOALLI-MIZTÓN",66,0,59.4,0,9,25,47,1,25,"1","2","ACEITE MEDIO"
16,"R1L2-AMOCA-TECOALLI-MIZTÓN",61.81,0,55.629,0,9,25,47,1,25,"1","2","ACEITE MEDIO"
64,"R1L2-AMOCA-TECOALLI-MIZTÓN",57,8,52.714,0,9,25,47,1,25,"1","2","ACEITE MEDIO"
10,"R1L2-AMOCA-TECOALLI-MIZTÓN",54.6,0,49.14,0,9,25,47,1,25,"1","2","ACEITE MEDIO"
79,"R1L2-AMOCA-TECOALLI-MIZTÓN",46.73,11,43.715,0,9,25,47,1,25,"1","2","ACEITE MEDIO"
31,"R1L2-AMOCA-TECOALLI-MIZTÓN",48,0,43.2,0,9,25,47,1,25,"1","2","ACEITE MEDIO"
23,"R1L2-HOKCHI",70,100,68,0,13,23,31,1,23,"1","2","ACEITE MEDIO"
31,"R1L2-HOKCHI",65,10,60.081,0,13,23,31,1,23,"1","2","ACEITE MEDIO"
79,"R1L2-HOKCHI",63.84,11,59.114,0,13,23,31,1,23,"1","2","ACEITE MEDIO"
81,"R1L2-HOKCHI",61,0,54.9,0,13,23,31,1,23,"1","2","ACEITE MEDIO"
10,"R1L2-HOKCHI",50.15,0,45.135,0,13,23,31,1,23,"1","2","ACEITE MEDIO"
31,"R1L2-ICHALKIL-POKOCH",74,0,66.6,0,10,31,,1,31,"1","2","ACEITE LIGERO"
12,"R1L3-TAJÓN",60.88,100,196.771,0,18,12,58,1,12,"1","3","ACEITE LIGERO"
58,"R1L3-TAJÓN",15.19,0,47.844,0,18,12,58,1,12,"1","3","ACEITE LIGERO"
75,"R1L3-TAJÓN",40.18,4,0,0,18,12,58,1,12,"1","3","ACEITE LIGERO"
75,"R1L3-CUICHAPA-PONIENTE",60.82,99,196.557,0,22,75,87,1,75,"1","3","ACEITE LIGERO"
87,"R1L3-CUICHAPA-PONIENTE",56.54,100,183.1,0,22,75,87,1,75,"1","3","ACEITE LIGERO"
32,"R1L3-CUICHAPA-PONIENTE",56.7,70,182.788,0,22,75,87,1,75,"1","3","ACEITE LIGERO"
46,"R1L3-CUICHAPA-PONIENTE",55.55,50,178.513,0,22,75,87,1,75,"1","3","ACEITE LIGERO"
22,"R1L3-CUICHAPA-PONIENTE",51.28,100,166.531,0,22,75,87,1,75,"1","3","ACEITE LIGERO"
93,"R1L3-CUICHAPA-PONIENTE",50.99,100,165.613,0,22,75,87,1,75,"1","3","ACEITE LIGERO"
5,"R1L3-CUICHAPA-PONIENTE",50.52,100,164.137,0,22,75,87,1,75,"1","3","ACEITE LIGERO"
7,"R1L3-CUICHAPA-PONIENTE",49.73,100,161.644,0,22,75,87,1,75,"1","3","ACEITE LIGERO"
11,"R1L3-CUICHAPA-PONIENTE",45.11,100,147.091,0,22,75,87,1,75,"1","3","ACEITE LIGERO"
34,"R1L3-CUICHAPA-PONIENTE",42.26,100,138.118,0,22,75,87,1,75,"1","3","ACEITE LIGERO"
89,"R1L3-CUICHAPA-PONIENTE",35.51,0,111.852,0,22,75,87,1,75,"1","3","ACEITE LIGERO"
15,"R1L3-CUICHAPA-PONIENTE",33.4,100,110.209,0,22,75,87,1,75,"1","3","ACEITE LIGERO"
61,"R1L3-CUICHAPA-PONIENTE",32,100,105.799,0,22,75,87,1,75,"1","3","ACEITE LIGERO"
36,"R1L3-CUICHAPA-PONIENTE",30,100,99.499,0,22,75,87,1,75,"1","3","ACEITE LIGERO"
58,"R1L3-MOLOACÁN",85.69,0,269.919,0,4,58,93,1,58,"1","3","ACEITE PESADO"
93,"R1L3-MOLOACÁN",50.99,100,165.613,0,4,58,93,1,58,"1","3","ACEITE PESADO"
32,"R1L3-MOLOACÁN",42.7,70,138.688,0,4,58,93,1,58,"1","3","ACEITE PESADO"
5,"R1L3-MOLOACÁN",39.02,100,127.912,0,4,58,93,1,58,"1","3","ACEITE PESADO"
34,"R1L3-MOLOACÁN",38.46,100,126.148,0,4,58,93,1,58,"1","3","ACEITE PESADO"
87,"R1L3-MOLOACÁN",36.54,100,120.1,0,4,58,93,1,58,"1","3","ACEITE PESADO"
46,"R1L3-MOLOACÁN",29.11,52,95.297,0,4,58,93,1,58,"1","3","ACEITE PESADO"
11,"R1L3-MOLOACÁN",25.29,50,83.194,0,4,58,93,1,58,"1","3","ACEITE PESADO"
61,"R1L3-MOLOACÁN",10,100,36.499,0,4,58,93,1,58,"1","3","ACEITE PESADO"
15,"R1L3-MOLOACÁN",6.3,100,24.844,0,4,58,93,1,58,"1","3","ACEITE PESADO"
75,"R1L3-MOLOACÁN",44.84,92,0,0,4,58,93,1,58,"1","3","ACEITE PESADO"
21,"R1L3-BARCODÓN",64.5,100,208.174,0,7,21,32,1,21,"1","3","ACEITE PESADO"
32,"R1L3-BARCODÓN",48.1,70,155.698,0,7,21,32,1,21,"1","3","ACEITE PESADO"
11,"R1L3-BARCODÓN",35.13,100,115.654,0,7,21,32,1,21,"1","3","ACEITE PESADO"
22,"R1L3-BARCODÓN",31.54,100,104.35,0,7,21,32,1,21,"1","3","ACEITE PESADO"
5,"R1L3-BARCODÓN",28.44,100,94.585,0,7,21,32,1,21,"1","3","ACEITE PESADO"
62,"R1L3-BARCODÓN",23.68,10,76.173,0,7,21,32,1,21,"1","3","ACEITE PESADO"
36,"R1L3-BARCODÓN",20,100,67.999,0,7,21,32,1,21,"1","3","ACEITE PESADO"
15,"R1L3-BARCODÓN",15,100,52.249,0,7,21,32,1,21,"1","3","ACEITE PESADO"
46,"R1L3-BARCODÓN",15.04,2,48.083,0,7,21,32,1,21,"1","3","ACEITE PESADO"
8,"R1L3-BARCODÓN",13.5,53,46.165,0,7,21,32,1,21,"1","3","ACEITE PESADO"
75,"R1L3-BARCODÓN",45.17,99,0,0,7,21,32,1,21,"1","3","ACEITE PESADO"
58,"R1L3-BARCODÓN",30.39,0,0,0,7,21,32,1,21,"1","3","ACEITE PESADO"
69,"R1L3-MUNDO NUEVO",80.69,25,256.669,0,19,69,21,1,69,"1","3","GAS;CONDENSADO"
21,"R1L3-MUNDO NUEVO",78.9,100,253.534,0,19,69,21,1,69,"1","3","GAS;CONDENSADO"
90,"R1L3-MUNDO NUEVO",62.77,22,200.066,0,19,69,21,1,69,"1","3","GAS;CONDENSADO"
22,"R1L3-MUNDO NUEVO",55.88,100,181.021,0,19,69,21,1,69,"1","3","GAS;CONDENSADO"
75,"R1L3-MUNDO NUEVO",54.93,22,175.37,0,19,69,21,1,69,"1","3","GAS;CONDENSADO"
46,"R1L3-MUNDO NUEVO",50.11,4,158.842,0,19,69,21,1,69,"1","3","GAS;CONDENSADO"
93,"R1L3-MUNDO NUEVO",42.99,100,140.413,0,19,69,21,1,69,"1","3","GAS;CONDENSADO"
38,"R1L3-MUNDO NUEVO",42,100,137.299,0,19,69,21,1,69,"1","3","GAS;CONDENSADO"
91,"R1L3-MUNDO NUEVO",38.79,0,122.184,0,19,69,21,1,69,"1","3","GAS;CONDENSADO"
20,"R1L3-MUNDO NUEVO",37.69,1,119.219,0,19,69,21,1,69,"1","3","GAS;CONDENSADO"
11,"R1L3-MUNDO NUEVO",33.23,50,108.205,0,19,69,21,1,69,"1","3","GAS;CONDENSADO"
1,"R1L3-MUNDO NUEVO",30,0,94.5,0,19,69,21,1,69,"1","3","GAS;CONDENSADO"
7,"R1L3-MUNDO NUEVO",26.31,50,86.407,0,19,69,21,1,69,"1","3","GAS;CONDENSADO"
42,"R1L3-MUNDO NUEVO",18.77,0,59.121,0,19,69,21,1,69,"1","3","GAS;CONDENSADO"
83,"R1L3-MUNDO NUEVO",11,15,36.586,0,19,69,21,1,69,"1","3","GAS;CONDENSADO"
37,"R1L3-MUNDO NUEVO",16.36,0,0,0,19,69,21,1,69,"1","3","GAS;CONDENSADO"
93,"R1L3-PARAÍSO",35.99,100,118.363,0,20,93,37,1,93,"1","3","ACEITE LIGERO"
37,"R1L3-PARAÍSO",12.36,0,0,0,20,93,37,1,93,"1","3","ACEITE LIGERO"
21,"R1L3-CATEDRAL",63.9,0,201.285,0,7,21,90,1,21,"1","3","GAS;CONDENSADO"
90,"R1L3-CATEDRAL",53.77,21,171.662,0,7,21,90,1,21,"1","3","GAS;CONDENSADO"
69,"R1L3-CATEDRAL",51.39,20,164.11,0,7,21,90,1,21,"1","3","GAS;CONDENSADO"
55,"R1L3-CATEDRAL",46.57,47,150.118,0,7,21,90,1,21,"1","3","GAS;CONDENSADO"
93,"R1L3-CATEDRAL",36.83,100,121.009,0,7,21,90,1,21,"1","3","GAS;CONDENSADO"
46,"R1L3-CATEDRAL",24.04,4,76.726,0,7,21,90,1,21,"1","3","GAS;CONDENSADO"
91,"R1L3-CATEDRAL",22.55,0,71.028,0,7,21,90,1,21,"1","3","GAS;CONDENSADO"
38,"R1L3-CATEDRAL",15,50,50.785,0,7,21,90,1,21,"1","3","GAS;CONDENSADO"
7,"R1L3-CATEDRAL",3.08,0,9.702,0,7,21,90,1,21,"1","3","GAS;CONDENSADO"
37,"R1L3-CATEDRAL",59.36,89,0,0,7,21,90,1,21,"1","3","GAS;CONDENSADO"
13,"R1L3-CATEDRAL",1.01,0,0,0,7,21,90,1,21,"1","3","GAS;CONDENSADO"
69,"R1L3-TOPÉN",78.79,25,250.684,0,19,69,21,1,69,"1","3","ACEITE PESADO"
21,"R1L3-TOPÉN",76.3,100,245.344,0,19,69,21,1,69,"1","3","ACEITE PESADO"
75,"R1L3-TOPÉN",71.23,22,226.715,0,19,69,21,1,69,"1","3","ACEITE PESADO"
90,"R1L3-TOPÉN",58.25,0,183.483,0,19,69,21,1,69,"1","3","ACEITE PESADO"
22,"R1L3-TOPÉN",56.36,100,182.533,0,19,69,21,1,69,"1","3","ACEITE PESADO"
11,"R1L3-TOPÉN",51.23,100,166.369,0,19,69,21,1,69,"1","3","ACEITE PESADO"
33,"R1L3-TOPÉN",50.5,0,159.075,0,19,69,21,1,69,"1","3","ACEITE PESADO"
42,"R1L3-TOPÉN",48.21,100,156.856,0,19,69,21,1,69,"1","3","ACEITE PESADO"
85,"R1L3-TOPÉN",47.89,44,154.165,0,19,69,21,1,69,"1","3","ACEITE PESADO"
93,"R1L3-TOPÉN",42.99,100,140.413,0,19,69,21,1,69,"1","3","ACEITE PESADO"
88,"R1L3-TOPÉN",37.31,9,119.022,0,19,69,21,1,69,"1","3","ACEITE PESADO"
61,"R1L3-TOPÉN",36,100,118.399,0,19,69,21,1,69,"1","3","ACEITE PESADO"
1,"R1L3-TOPÉN",35,100,115.249,0,19,69,21,1,69,"1","3","ACEITE PESADO"
20,"R1L3-TOPÉN",30.35,1,96.098,0,19,69,21,1,69,"1","3","ACEITE PESADO"
36,"R1L3-TOPÉN",30,0,94.5,0,19,69,21,1,69,"1","3","ACEITE PESADO"
46,"R1L3-TOPÉN",27.04,4,86.176,0,19,69,21,1,69,"1","3","ACEITE PESADO"
83,"R1L3-TOPÉN",17.24,15,56.242,0,19,69,21,1,69,"1","3","ACEITE PESADO"
40,"R1L3-TOPÉN",15.31,2,48.929,0,19,69,21,1,69,"1","3","ACEITE PESADO"
74,"R1L3-TOPÉN",10.03,80,36.062,0,19,69,21,1,69,"1","3","ACEITE PESADO"
5,"R1L3-TOPÉN",10.52,15,35.074,0,19,69,21,1,69,"1","3","ACEITE PESADO"
38,"R1L3-TOPÉN",10,50,35.035,0,19,69,21,1,69,"1","3","ACEITE PESADO"
37,"R1L3-TOPÉN",76.36,28,0,0,19,69,21,1,69,"1","3","ACEITE PESADO"
37,"R1L3-MAYACASTE",60.36,0,190.134,0,15,37,93,1,37,"1","3","ACEITE LIGERO"
93,"R1L3-MAYACASTE",35.89,100,118.048,0,15,37,93,1,37,"1","3","ACEITE LIGERO"
12,"R1L3-MAYACASTE",14.88,0,46.827,0,15,37,93,1,37,"1","3","ACEITE LIGERO"
74,"R1L3-MAYACASTE",10.06,20,33.925,0,15,37,93,1,37,"1","3","ACEITE LIGERO"
69,"R1L3-MALVA",57.39,100,185.773,0,15,69,75,1,69,"1","3","ACEITE LIGERO"
75,"R1L3-MALVA",57.81,36,185.096,0,15,69,75,1,69,"1","3","ACEITE LIGERO"
42,"R1L3-MALVA",29.55,0,93.078,0,15,69,75,1,69,"1","3","ACEITE LIGERO"
93,"R1L3-MALVA",27.73,100,92.344,0,15,69,75,1,69,"1","3","ACEITE LIGERO"
11,"R1L3-MALVA",15.12,0,47.628,0,15,69,75,1,69,"1","3","ACEITE LIGERO"
88,"R1L3-MALVA",5.01,0,15.777,0,15,69,75,1,69,"1","3","ACEITE LIGERO"
37,"R1L3-MALVA",55.36,17,0,0,15,69,75,1,69,"1","3","ACEITE LIGERO"
84,"R1L3-PEÑA BLANCA",50.86,100,165.208,0,23,84,21,1,84,"1","3","GAS HÚMEDO NO ASOC"
21,"R1L3-PEÑA BLANCA",49.5,0,155.925,0,23,84,21,1,84,"1","3","GAS HÚMEDO NO ASOC"
55,"R1L3-PEÑA BLANCA",48.17,65,155.762,0,23,84,21,1,84,"1","3","GAS HÚMEDO NO ASOC"
42,"R1L3-PEÑA BLANCA",23.11,100,77.791,0,23,84,21,1,84,"1","3","GAS HÚMEDO NO ASOC"
40,"R1L3-PEÑA BLANCA",12.21,2,39.164,0,23,84,21,1,84,"1","3","GAS HÚMEDO NO ASOC"
74,"R1L3-PEÑA BLANCA",10.24,80,36.728,0,23,84,21,1,84,"1","3","GAS HÚMEDO NO ASOC"
22,"R1L3-PEÑA BLANCA",8.24,100,30.955,0,23,84,21,1,84,"1","3","GAS HÚMEDO NO ASOC"
35,"R1L3-PEÑA BLANCA",7.07,100,27.265,0,23,84,21,1,84,"1","3","GAS HÚMEDO NO ASOC"
46,"R1L3-PEÑA BLANCA",8.04,4,26.326,0,23,84,21,1,84,"1","3","GAS HÚMEDO NO ASOC"
13,"R1L3-PEÑA BLANCA",23.62,100,0,0,23,84,21,1,84,"1","3","GAS HÚMEDO NO ASOC"
55,"R1L3-BENAVIDES-PRIMAVERA",40.07,75,130.546,0,6,55,76,1,55,"1","3","GAS SECO"
76,"R1L3-BENAVIDES-PRIMAVERA",29.41,100,97.636,0,6,55,76,1,55,"1","3","GAS SECO"
14,"R1L3-BENAVIDES-PRIMAVERA",21.07,88,71.056,0,6,55,76,1,55,"1","3","GAS SECO"
34,"R1L3-BENAVIDES-PRIMAVERA",20.31,100,68.971,0,6,55,76,1,55,"1","3","GAS SECO"
46,"R1L3-BENAVIDES-PRIMAVERA",17.11,4,54.892,0,6,55,76,1,55,"1","3","GAS SECO"
74,"R1L3-BENAVIDES-PRIMAVERA",11.87,80,41.858,0,6,55,76,1,55,"1","3","GAS SECO"
40,"R1L3-BENAVIDES-PRIMAVERA",13.01,2,41.684,0,6,55,76,1,55,"1","3","GAS SECO"
5,"R1L3-BENAVIDES-PRIMAVERA",3.02,15,11.449,0,6,55,76,1,55,"1","3","GAS SECO"
13,"R1L3-BENAVIDES-PRIMAVERA",8.12,100,0,0,6,55,76,1,55,"1","3","GAS SECO"
12,"R1L3-FORTUNA NACIONAL",36.88,100,121.171,0,17,12,93,1,12,"1","3","ACEITE SUPERLIGERO;GAS;CONDENSADO"
93,"R1L3-FORTUNA NACIONAL",12.97,100,45.85,0,17,12,93,1,12,"1","3","ACEITE SUPERLIGERO;GAS;CONDENSADO"
69,"R1L3-FORTUNA NACIONAL",10.39,10,34.305,0,17,12,93,1,12,"1","3","ACEITE SUPERLIGERO;GAS;CONDENSADO"
74,"R1L3-FORTUNA NACIONAL",7.38,80,27.719,0,17,12,93,1,12,"1","3","ACEITE SUPERLIGERO;GAS;CONDENSADO"
38,"R1L3-FORTUNA NACIONAL",5,50,19.285,0,17,12,93,1,12,"1","3","ACEITE SUPERLIGERO;GAS;CONDENSADO"
37,"R1L3-FORTUNA NACIONAL",25.36,0,0,0,17,12,93,1,12,"1","3","ACEITE SUPERLIGERO;GAS;CONDENSADO"
84,"R1L3-RICOS",41.5,100,135.724,0,11,84,83,2,83,"1","3","GAS HÚMEDO NO ASOC"
83,"R1L3-RICOS",12.36,15,40.87,0,11,84,83,2,83,"1","3","GAS HÚMEDO NO ASOC"
74,"R1L3-RICOS",5.11,80,20.564,0,11,84,83,2,83,"1","3","GAS HÚMEDO NO ASOC"
42,"R1L3-RICOS",5.59,0,17.604,0,11,84,83,2,83,"1","3","GAS HÚMEDO NO ASOC"
13,"R1L3-RICOS",27.16,100,0,0,11,84,83,2,83,"1","3","GAS HÚMEDO NO ASOC"
37,"R1L3-RICOS",4.36,0,0,0,11,84,83,2,83,"1","3","GAS HÚMEDO NO ASOC"
13,"R1L3-MAREÓGRAFO",34.35,100,112.882,0,12,13,55,1,13,"1","3","GAS SECO"
55,"R1L3-MAREÓGRAFO",33.47,76,109.784,0,12,13,55,1,13,"1","3","GAS SECO"
14,"R1L3-MAREÓGRAFO",29.7,88,98.245,0,12,13,55,1,13,"1","3","GAS SECO"
5,"R1L3-MAREÓGRAFO",29.21,20,94.243,0,12,13,55,1,13,"1","3","GAS SECO"
40,"R1L3-MAREÓGRAFO",17.51,2,55.859,0,12,13,55,1,13,"1","3","GAS SECO"
74,"R1L3-MAREÓGRAFO",8.66,80,31.751,0,12,13,55,1,13,"1","3","GAS SECO"
83,"R1L3-MAREÓGRAFO",4.3,9,15.045,0,12,13,55,1,13,"1","3","GAS SECO"
37,"R1L3-MAREÓGRAFO",5.36,0,0,0,12,13,55,1,13,"1","3","GAS SECO"
84,"R1L3-CARRETAS",50.86,100,165.208,0,23,84,42,1,84,"1","3","GAS HÚMEDO NO ASOC"
42,"R1L3-CARRETAS",30.11,100,99.841,0,23,84,42,1,84,"1","3","GAS HÚMEDO NO ASOC"
34,"R1L3-CARRETAS",20.13,100,68.404,0,23,84,42,1,84,"1","3","GAS HÚMEDO NO ASOC"
21,"R1L3-CARRETAS",11.8,0,37.17,0,23,84,42,1,84,"1","3","GAS HÚMEDO NO ASOC"
74,"R1L3-CARRETAS",5.16,80,20.726,0,23,84,42,1,84,"1","3","GAS HÚMEDO NO ASOC"
46,"R1L3-CARRETAS",6.04,4,20.026,0,23,84,42,1,84,"1","3","GAS HÚMEDO NO ASOC"
83,"R1L3-CARRETAS",4.16,15,15.04,0,23,84,42,1,84,"1","3","GAS HÚMEDO NO ASOC"
13,"R1L3-CARRETAS",6.7,100,0,0,23,84,42,1,84,"1","3","GAS HÚMEDO NO ASOC"
33,"R1L3-PONTÓN",61.5,100,198.724,0,19,33,69,2,69,"1","3","ACEITE LIGERO"
69,"R1L3-PONTÓN",21.39,50,70.909,0,19,33,69,2,69,"1","3","ACEITE LIGERO"
14,"R1L3-PONTÓN",18.88,30,62.21,0,19,33,69,2,69,"1","3","ACEITE LIGERO"
40,"R1L3-PONTÓN",10.01,2,32.234,0,19,33,69,2,69,"1","3","ACEITE LIGERO"
88,"R1L3-PONTÓN",2.01,0,6.327,0,19,33,69,2,69,"1","3","ACEITE LIGERO"
13,"R1L3-PONTÓN",17.27,10,0,0,19,33,69,2,69,"1","3","ACEITE LIGERO"
33,"R1L3-TECOLUTLA",68.4,100,220.459,0,27,33,90,2,90,"1","3","ACEITE PESADO"
90,"R1L3-TECOLUTLA",31.22,0,98.343,0,27,33,90,2,90,"1","3","ACEITE PESADO"
69,"R1L3-TECOLUTLA",3.09,0,9.729,0,27,33,90,2,90,"1","3","ACEITE PESADO"
22,"R1L3-SECADERO",60.74,100,196.33,0,21,22,69,1,22,"1","3","ACEITE LIGERO"
69,"R1L3-SECADERO",59.09,25,188.629,0,21,22,69,1,22,"1","3","ACEITE LIGERO"
85,"R1L3-SECADERO",31.89,40,103.611,0,21,22,69,1,22,"1","3","ACEITE LIGERO"
93,"R1L3-SECADERO",25.78,100,86.206,0,21,22,69,1,22,"1","3","ACEITE LIGERO"
62,"R1L3-SECADERO",19.28,9,62.232,0,21,22,69,1,22,"1","3","ACEITE LIGERO"
46,"R1L3-SECADERO",19.04,4,60.976,0,21,22,69,1,22,"1","3","ACEITE LIGERO"
88,"R1L3-SECADERO",2.01,0,6.327,0,21,22,69,1,22,"1","3","ACEITE LIGERO"
37,"R1L3-SECADERO",26.36,19,0,0,21,22,69,1,22,"1","3","ACEITE LIGERO"
14,"R1L3-DUNA",20.08,88,67.942,0,8,14,74,1,14,"1","3","GAS SECO"
74,"R1L3-DUNA",9.28,80,33.704,0,8,14,74,1,14,"1","3","GAS SECO"
13,"R1L3-DUNA",11.75,100,0,0,8,14,74,1,14,"1","3","GAS SECO"
74,"R1L3-SAN BERNARDO",10.56,80,37.736,0,24,74,84,2,84,"1","3","GAS HÚMEDO NO ASOC"
84,"R1L3-SAN BERNARDO",11,10,36.231,0,24,74,84,2,84,"1","3","GAS HÚMEDO NO ASOC"
14,"R1L3-SAN BERNARDO",8.88,88,32.662,0,24,74,84,2,84,"1","3","GAS HÚMEDO NO ASOC"
46,"R1L3-SAN BERNARDO",7.04,4,23.176,0,24,74,84,2,84,"1","3","GAS HÚMEDO NO ASOC"
76,"R1L3-SAN BERNARDO",6.05,25,21.553,0,24,74,84,2,84,"1","3","GAS HÚMEDO NO ASOC"
13,"R1L3-SAN BERNARDO",8.63,100,0,0,24,74,84,2,84,"1","3","GAS HÚMEDO NO ASOC"
13,"R1L3-CALIBRADOR",41.77,100,136.57,0,2,13,35,1,13,"1","3","GAS SECO"
35,"R1L3-CALIBRADOR",12.07,35,40.974,0,2,13,35,1,13,"1","3","GAS SECO"
74,"R1L3-CALIBRADOR",8.33,80,30.707,0,2,13,35,1,13,"1","3","GAS SECO"
76,"R1L3-CALIBRADOR",5.41,10,18.618,0,2,13,35,1,13,"1","3","GAS SECO"
83,"R1L3-CALIBRADOR",3.1,3,10.613,0,2,13,35,1,13,"1","3","GAS SECO"
84,"R1L3-CALIBRADOR",35.86,100,0,0,2,13,35,1,13,"1","3","GAS SECO"
37,"R1L3-CALIBRADOR",4.36,0,0,0,2,13,35,1,13,"1","3","GAS SECO"
33,"R1L3-LA LAJA",66.3,100,213.844,0,16,33,20,2,20,"1","3","ACEITE PESADO"
20,"R1L3-LA LAJA",29.69,1,94.019,0,16,33,20,2,20,"1","3","ACEITE PESADO"
13,"R1L3-LA LAJA",27.1,10,0,0,16,33,20,2,20,"1","3","ACEITE PESADO"
37,"R1L3-CALICANTO",81.36,18,258.405,0,3,37,20,1,37,"1","3","ACEITE LIGERO"
20,"R1L3-CALICANTO",32.7,1,103.505,0,3,37,20,1,37,"1","3","ACEITE LIGERO"
93,"R1L3-CALICANTO",26.67,100,89.005,0,3,37,20,1,37,"1","3","ACEITE LIGERO"
62,"R1L3-CALICANTO",19.28,9,62.232,0,3,37,20,1,37,"1","3","ACEITE LIGERO"
85,"R1L3-CALICANTO",16.11,14,52.612,0,3,37,20,1,37,"1","3","ACEITE LIGERO"
33,"R1L3-PASO DE ORO",67.61,30,215.705,0,14,33,75,2,75,"1","3","ACEITE PESADO"
75,"R1L3-PASO DE ORO",10.2,4,33.13,0,14,33,75,2,75,"1","3","ACEITE PESADO"
37,"R1L3-PASO DE ORO",18.36,0,0,0,14,33,75,2,75,"1","3","ACEITE PESADO"
13,"R1L3-PASO DE ORO",17.27,10,0,0,14,33,75,2,75,"1","3","ACEITE PESADO"
10,"R1L4-PERDIDO1",17.01,1.5,100.476,0,5,10,66,1,10,"1","4","ACEITE SUPERLIGERO"
66,"R1L4-PERDIDO1",6.65,1,43.459,0,5,10,66,1,10,"1","4","ACEITE SUPERLIGERO"
30,"R1L4-PERDIDO2",5,1.5,44.15,0,,30,,1,30,"1","4","ACEITE SUPERLIGERO"
9,"R1L4-PERDIDO3",7.44,0,29.76,0,,9,,1,9,"1","4","ACEITE LIGERO"
10,"R1L4-PERDIDO4",15.01,1,80.744,0,5,10,,1,10,"1","4","ACEITE SUPERLIGERO"
82,"R1L4-HAN1",10,1,58.4,0,,82,,1,82,"1","4","ACEITE LIGERO"
82,"R1L4-HAN3",10,1,58.4,0,,82,,1,82,"1","4","GAS HÚMEDO"
78,"R1L4-HAN4",22.99,0,91.96,0,,78,82,1,78,"1","4","ACEITE LIGERO"
82,"R1L4-HAN4",13,1.5,81.67,0,,78,82,1,78,"1","4","ACEITE LIGERO"
49,"R1L4-HAN5",26.91,1,133.818,0,,49,2,1,49,"1","4","ACEITE LIGERO"
2,"R1L4-HAN5",19.11,1.5,110.325,0,,49,2,1,49,"1","4","ACEITE LIGERO"
81,"R1L4-HAN5",10.39,0,41.56,0,,49,2,1,49,"1","4","ACEITE LIGERO"
29,"R1L4-HAN5",3.5,1.5,37.115,0,,49,2,1,49,"1","4","ACEITE LIGERO"
3,"ASOC-TRION",4,0,4,624000000,1,3,4,1,3,"ASOCIACIÓN","ASOCIACIÓN","ACEITE LIGERO"
4,"ASOC-TRION",4,0,4,605999999.99,1,3,4,1,3,"ASOCIACIÓN","ASOCIACIÓN","ACEITE LIGERO"
18,"R2L1-2",57.92,1,63.493,0,,18,29,1,18,"2","1","ACEITE LIGERO;GAS SECO"
29,"R2L1-2",55.14,1.5,63.261,0,,18,29,1,18,"2","1","ACEITE LIGERO;GAS SECO"
63,"R2L1-6",65.19,1,71.178,0,,63,50,1,63,"2","1","ACEITE LIGERO"
50,"R2L1-6",64.75,1,70.713,0,,63,50,1,63,"2","1","ACEITE LIGERO"
18,"R2L1-6",57.91,1,63.482,0,,63,50,1,63,"2","1","ACEITE LIGERO"
70,"R2L1-6",50.15,0,50.15,0,,63,50,1,63,"2","1","ACEITE LIGERO"
26,"R2L1-7",75,1.5,84.825,0,,26,71,1,26,"2","1","ACEITE LIGERO"
71,"R2L1-7",69.58,1,75.819,0,,26,71,1,26,"2","1","ACEITE LIGERO"
18,"R2L1-7",69.32,1,75.545,0,,26,71,1,26,"2","1","ACEITE LIGERO"
53,"R2L1-7",55.01,1,60.416,0,,26,71,1,26,"2","1","ACEITE LIGERO"
10,"R2L1-7",23,0,23,0,,26,71,1,26,"2","1","ACEITE LIGERO"
67,"R2L1-8",20.1,0,21,0,,67,,1,67,"2","1","ACEITE LIGERO"
6,"R2L1-9",75,1.5,84.825,30003333.33,,6,25,1,6,"2","1","ACEITE LIGERO"
25,"R2L1-9",75,1.5,84.825,20470500,,6,25,1,6,"2","1","ACEITE LIGERO"
9,"R2L1-9",70.45,1.5,79.884,0,,6,25,1,6,"2","1","ACEITE LIGERO"
17,"R2L1-9",70.21,1,76.486,0,,6,25,1,6,"2","1","ACEITE LIGERO"
54,"R2L1-9",52.02,0,52.02,0,,6,25,1,6,"2","1","ACEITE LIGERO"
10,"R2L1-9",26,0,26,0,,6,25,1,6,"2","1","ACEITE LIGERO"
25,"R2L1-10",75,1.5,84.825,0,,25,17,1,25,"2","1","ACEITE LIGERO"
17,"R2L1-10",68.73,0,68.73,0,,25,17,1,25,"2","1","ACEITE LIGERO"
66,"R2L1-10",48.51,1,53.544,0,,25,17,1,25,"2","1","ACEITE LIGERO"
53,"R2L1-10",45.01,0,45.01,0,,25,17,1,25,"2","1","ACEITE LIGERO"
50,"R2L1-10",30.1,0,30.1,0,,25,17,1,25,"2","1","ACEITE LIGERO"
72,"R2L1-11",62.28,0,62.28,0,,72,10,1,72,"2","1","ACEITE LIGERO"
10,"R2L1-11",35,0,35,0,,72,10,1,72,"2","1","ACEITE LIGERO"
47,"R2L1-12",75,1,81.55,0,,47,,1,47,"2","1","ACEITE LIGERO"
28,"R2L1-14",37.27,0,37.27,0,,28,,1,28,"2","1","ACEITE PESADO"
92,"R2L1-15",30.11,0,30.11,0,,92,,1,92,"2","1","GAS HÚMEDO"
44,"R2L2-1",3.91,1,5.535,0,,44,,1,44,"2","2","GAS HUMEDO"
86,"R2L2-4",25,1.5,29.826,0,,86,43,1,86,"2","2","GAS HUMEDO"
43,"R2L2-4",15.76,1,18.279,0,,86,43,1,86,"2","2","GAS HUMEDO"
86,"R2L2-5",16.96,0,16.96,0,,86,44,1,86,"2","2","GAS HUMEDO"
44,"R2L2-5",8.09,1,10.03,0,,86,44,1,86,"2","2","GAS HUMEDO"
86,"R2L2-7",25,1.5,29.826,4130000,,86,51,1,86,"2","2","GAS HUMEDO"
51,"R2L2-7",25,1.5,29.826,2920001.01,,86,51,1,86,"2","2","GAS HUMEDO"
44,"R2L2-7",5.36,1,7.094,0,,86,51,1,86,"2","2","GAS HUMEDO"
86,"R2L2-8",25,1.5,29.826,0,,86,,1,86,"2","2","GAS HUMEDO"
86,"R2L2-9",25,1.5,29.826,0,,86,,1,86,"2","2","GAS HUMEDO"
86,"R2L2-10",45,1.5,52.091,0,,86,59,1,86,"2","2","ACEITE LIGERO;GAS"
59,"R2L2-10",8.88,0,8.88,0,,86,59,1,86,"2","2","ACEITE LIGERO;GAS"
44,"R2L3-BG-01",25,1.5,29.826,4237264,,44,77,1,44,"2","3","GAS HÚMEDO"
77,"R2L3-BG-01",25,1.5,29.826,3193000,,44,77,1,44,"2","3","GAS HÚMEDO"
45,"R2L3-BG-01",25,1.5,29.826,1560000,,44,77,1,44,"2","3","GAS HÚMEDO"
51,"R2L3-BG-02",25,1.5,29.826,2980002.02,,51,65,1,51,"2","3","GAS HÚMEDO"
65,"R2L3-BG-02",25,1.5,29.826,1000066.66,,51,65,1,51,"2","3","GAS HÚMEDO"
42,"R2L3-BG-02",13.01,1,15.322,0,,51,65,1,51,"2","3","GAS HÚMEDO"
51,"R2L3-BG-03",23.56,0,23.56,0,,51,65,1,51,"2","3","GAS HÚMEDO"
65,"R2L3-BG-03",18.66,1.5,22.768,0,,51,65,1,51,"2","3","GAS HÚMEDO"
44,"R2L3-BG-04",3.91,1,5.535,0,,44,,1,44,"2","3","GAS HÚMEDO"
45,"R2L3-TM-01",40,1.5,46.525,26100000,,45,19,1,45,"2","3","ACEITE;GAS HÚMEDO"
19,"R2L3-TM-01",40,1.5,46.525,5002019,,45,19,1,45,"2","3","ACEITE;GAS HÚMEDO"
39,"R2L3-TM-01",40,1.5,46.525,4259000,,45,19,1,45,"2","3","ACEITE;GAS HÚMEDO"
77,"R2L3-TM-01",40,1.5,46.525,4197000,,45,19,1,45,"2","3","ACEITE;GAS HÚMEDO"
60,"R2L3-TM-01",40,1.5,46.525,3000019,,45,19,1,45,"2","3","ACEITE;GAS HÚMEDO"
73,"R2L3-TM-01",40,1.5,46.525,1500063,,45,19,1,45,"2","3","ACEITE;GAS HÚMEDO"
65,"R2L3-TM-01",40,1.5,46.525,666666.66,,45,19,1,45,"2","3","ACEITE;GAS HÚMEDO"
52,"R2L3-TM-01",3.57,0,3.57,0,,45,19,1,45,"2","3","ACEITE;GAS HÚMEDO"
77,"R2L3-VC-01",40,1.5,46.525,2179000,,77,73,1,77,"2","3","GAS HÚMEDO"
73,"R2L3-VC-01",40,1.5,46.525,1500061,,77,73,1,77,"2","3","GAS HÚMEDO"
7,"R2L3-VC-01",40,1.5,46.525,670000,,77,73,1,77,"2","3","GAS HÚMEDO"
45,"R2L3-VC-02",40,1.5,46.525,0,,45,65,1,45,"2","3","ACEITE LIGERO;GAS SECO"
65,"R2L3-VC-02",25.66,1.5,30.56,0,,45,65,1,45,"2","3","ACEITE LIGERO;GAS SECO"
60,"R2L3-VC-02",10,0,10,0,,45,65,1,45,"2","3","ACEITE LIGERO;GAS SECO"
45,"R2L3-VC-03",40,1.5,46.525,0,,45,,1,45,"2","3","ACEITE LIGERO;GAS HÚMEDO"
45,"R2L3-CS-01",45,1.5,52.091,28890000,,45,68,1,45,"2","3","GAS HÚMEDO;ACEITE"
68,"R2L3-CS-01",45,1.5,52.091,10117000,,45,68,1,45,"2","3","GAS HÚMEDO;ACEITE"
65,"R2L3-CS-01",45,1.5,52.091,4500066.66,,45,68,1,45,"2","3","GAS HÚMEDO;ACEITE"
51,"R2L3-CS-01",45,1.5,52.091,3830004.04,,45,68,1,45,"2","3","GAS HÚMEDO;ACEITE"
77,"R2L3-CS-01",45,1.5,52.091,3177000,,45,68,1,45,"2","3","GAS HÚMEDO;ACEITE"
52,"R2L3-CS-01",45,1.5,52.091,2000100.33,,45,68,1,45,"2","3","GAS HÚMEDO;ACEITE"
73,"R2L3-CS-01",45,1.5,52.091,1500063,,45,68,1,45,"2","3","GAS HÚMEDO;ACEITE"
7,"R2L3-CS-01",45,1.5,52.091,786000,,45,68,1,45,"2","3","GAS HÚMEDO;ACEITE"
90,"R2L3-CS-01",41.55,1,46.017,0,,45,68,1,45,"2","3","GAS HÚMEDO;ACEITE"
77,"R2L3-CS-02",40,1.5,46.525,0,,77,19,1,77,"2","3","ACEITE LIGERO"
19,"R2L3-CS-02",22.51,0,22.51,0,,77,19,1,77,"2","3","ACEITE LIGERO"
90,"R2L3-CS-02",8.24,0,8.24,0,,77,19,1,77,"2","3","ACEITE LIGERO"
77,"R2L3-CS-03",45,1.5,52.091,0,,77,90,1,77,"2","3","ACEITE LIGERO"
90,"R2L3-CS-03",33.3,0,33.3,0,,77,90,1,77,"2","3","ACEITE LIGERO"
39,"R2L3-CS-03",27.74,1.5,32.876,0,,77,90,1,77,"2","3","ACEITE LIGERO"
57,"R2L3-CS-03",19.99,0,19.99,0,,77,90,1,77,"2","3","ACEITE LIGERO"
73,"R2L3-CS-03",15.71,0,15.71,0,,77,90,1,77,"2","3","ACEITE LIGERO"
24,"R2L3-CS-03",9.52,0,9.52,0,,77,90,1,77,"2","3","ACEITE LIGERO"
7,"R2L3-CS-04",45,1.5,52.091,6182000,,7,77,1,7,"2","3","ACEITE LIGERO"
77,"R2L3-CS-04",45,1.5,52.091,2179000,,7,77,1,7,"2","3","ACEITE LIGERO"
90,"R2L3-CS-04",15.07,0,15.07,0,,7,77,1,7,"2","3","ACEITE LIGERO"
19,"R2L3-CS-04",12.53,0,12.53,0,,7,77,1,7,"2","3","ACEITE LIGERO"
7,"R2L3-CS-05",40,1.5,46.525,13170000,,7,77,1,7,"2","3","ACEITE LIGERO"
77,"R2L3-CS-05",40,1.5,46.525,2350000,,7,77,1,7,"2","3","ACEITE LIGERO"
39,"R2L3-CS-05",40,1.5,46.525,2185000,,7,77,1,7,"2","3","ACEITE LIGERO"
45,"R2L3-CS-06",40,1.5,46.525,0,,45,59,1,45,"2","3","ACEITE LIGERO;GAS SECO"
59,"R2L3-CS-06",40,1,44.35,0,,45,59,1,45,"2","3","ACEITE LIGERO;GAS SECO"
51,"R2L3-CS-06",40,0,40,0,,45,59,1,45,"2","3","ACEITE LIGERO;GAS SECO"
