"RONDA","LICITACION","DATA_ROOM","PRECALIF","ID_EMPRESA","ID_LICITANTE","EMPRESA","PAIS"
"1","1",0,"1.0",130,23,"ROYAL DUTCH SHELL","REINO UNIDO"
"1","1",0,"1.0",46,23,"GALP ENERGIA","PORTUGAL"
"1","2",0,"1.0",46,23,"GALP ENERGIA","PORTUGAL"
"1","1",0,"1.0",33,3,"DIAVAZ OFFSHORE","MÉXICO"
"2","1",0,"1.0",33,4,"DIAVAZ OFFSHORE","MÉXICO"
"1","1",0,"1.0",152,29,"WOODSIDE","AUSTRALIA"
"1","1",0,"1.0",123,26,"PLUSPETROL","ARGENTINA"
"1","1",0,"1.0",92,28,"MURPHY OIL CORP","ESTADOS UNIDOS"
"1","4",0,"1.0",92,29,"MURPHY OIL CORP","ESTADOS UNIDOS"
"2","1",0,"1.0",92,27,"MURPHY OIL CORP","ESTADOS UNIDOS"
"1","1",0,"1.0",116,21,"PETRONAS","MALASIA"
"1","2",0,"1.0",116,79,"PETRONAS","MALASIA"
"1","4",0,"1.0",116,49,"PETRONAS","MALASIA"
"1","4",0,"1.0",116,78,"PETRONAS","MALASIA"
"2","1",0,"1.0",116,22,"PETRONAS","MALASIA"
"2","1",0,"1.0",116,79,"PETRONAS","MALASIA"
"1","1",0,"1.0",113,24,"PETROBAL","MÉXICO"
"1","2",0,"1.0",113,54,"PETROBAL","MÉXICO"
"1","3",0,"1.0",113,25,"PETROBAL","MÉXICO"
"1","1",0,"1.0",149,,"TULLOW OIL PLC","REINO UNIDO"
"1","3",0,"1.0",8,,"BIN ADMINISTRATIVO","MÉXICO"
"1","3",0,"1.0",85,,"MAX ENERGY HOLDINGS","ESTADOS UNIDOS"
"1","3",0,"1.0",45,41,"GALCA ENERGY","PANAMÁ"
"1","3",0,"1.0",57,,"GRUPO R","MÉXICO"
"2","2",0,"1.0",57,,"GRUPO R","MÉXICO"
"1","3",0,"1.0",57,,"GRUPO R","MÉXICO"
"1","3",0,"1.0",100,47,"OMEGA ENERGY","PANAMÁ"
"1","3",0,"1.0",67,,"IEED","MÉXICO"
"1","3",0,"1.0",61,,"GSEM","MÉXICO"
"1","3",0,"1.0",102,,"OPERADORA PRODUCTORA Y EXPLORADORA","MÉXICO"
"1","3",0,"1.0",117,,"PETROSANTANDER INC","LUXEMBURGO"
"1","3",0,"1.0",134,48,"SERVICIOS ADMINISTRATIVOS SOMER","MÉXICO"
"1","3",0,"1.0",89,,"MEXPORT EQUIPMENT","ESTADOS UNIDOS"
"1","2",0,"1.0",43,31,"FIELDWOOD ENERGY","ESTADOS UNIDOS"
"2","1",1,"0.0",43,56,"FIELDWOOD ENERGY","ESTADOS UNIDOS"
"2","1",1,"0.0",113,,"PETROBAL","MÉXICO"
"1","1",0,"1.0",124,80,"PREMIER OIL PLC","REINO UNIDO"
"2","1",0,"1.0",124,60,"PREMIER OIL PLC","REINO UNIDO"
"2","1",0,"1.0",124,71,"PREMIER OIL PLC","REINO UNIDO"
"2","1",0,"1.0",137,,"SIERRA OIL AND GAS","MÉXICO"
"2","1",0,"1.0",137,66,"SIERRA OIL AND GAS","MÉXICO"
"2","1",0,"1.0",137,72,"SIERRA OIL AND GAS","MÉXICO"
"2","2",0,"1.0",69,,"IHSA","MÉXICO"
"2","3",0,"1.0",69,,"IHSA","MÉXICO"
"2","2",0,"1.0",119,,"PETRÓLEOS MONTERREY","MÉXICO"
"2","3",0,"1.0",119,,"PETRÓLEOS MONTERREY","MÉXICO"
"2","2",0,"1.0",121,79,"PJP4","MÉXICO"
"2","3",0,"1.0",121,79,"PJP4","MÉXICO"
"2","2",0,"1.0",146,5,"TECPETROL","ESPAÑA"
"2","3",0,"1.0",129,15,"ROMA ENERGY HOLDINGS","ESTADOS UNIDOS"
"1","3",0,"1.0",129,16,"ROMA ENERGY HOLDINGS","MÉXICO"
"2","3",0,"1.0",129,21,"ROMA ENERGY HOLDINGS","MÉXICO"
"1","3",0,"1.0",76,51,"ION GEOPHYSICAL CO","ESTADOS UNIDOS"
"2","3",0,"1.0",76,22,"ION GEOPHYSICAL CO","ESTADOS UNIDOS"
"2","3",0,"1.0",142,38,"SUMIMSA","MÉXICO"
"2","3",0,"1.0",62,24,"GSL","MÉXICO"
"1","1",0,"1.0",35,23,"E&P HIDROCARBUROS","ARGENTINA"
"1","2",0,"1.0",35,23,"E&P HIDROCARBUROS","ARGENTINA"
"1","1",0,"1.0",9,23,"BP GLOBAL","ARGENTINA"
"1","2",0,"1.0",9,3,"BP GLOBAL","ARGENTINA"
"1","1",0,"1.0",41,4,"ENI INTERNATIONAL","ITALIA"
"1","4",0,"1.0",41,29,"ENI INTERNATIONAL","ITALIA"
"2","1",0,"1.0",41,26,"ENI INTERNATIONAL","ITALIA"
"2","1",0,"1.0",41,28,"ENI INTERNATIONAL","ITALIA"
"2","1",0,"1.0",41,29,"ENI INTERNATIONAL","ITALIA"
"1","1",0,"1.0",14,27,"CASA EXPLORATION","ESTADOS UNIDOS"
"1","1",0,"1.0",137,21,"SIERRA OIL AND GAS","MÉXICO"
"1","2",0,"1.0",137,79,"SIERRA OIL AND GAS","MÉXICO"
"1","4",0,"1.0",137,49,"SIERRA OIL AND GAS","MÉXICO"
"1","4",0,"1.0",137,78,"SIERRA OIL AND GAS","MÉXICO"
"1","1",0,"1.0",145,22,"TALOS ENERGY","ESTADOS UNIDOS"
"1","2",0,"1.0",145,79,"TALOS ENERGY","ESTADOS UNIDOS"
"2","1",0,"1.0",145,24,"TALOS ENERGY","ESTADOS UNIDOS"
"2","1",0,"1.0",145,54,"TALOS ENERGY","ESTADOS UNIDOS"
"1","2",0,"1.0",13,79,"CARSO","MÉXICO"
"1","2",0,"1.0",13,79,"CARSO","MÉXICO"
"1","3",0,"1.0",10,5,"CAABSA","MÉXICO"
"1","3",0,"1.0",153,81,"ZENITH SERVICIOS PETROLEROS","MÉXICO"
"1","3",0,"1.0",98,5,"OLEODUCTO DE COLOMBIA","COLOMBIA"
"1","3",0,"1.0",99,20,"OLEUM","MÉXICO"
"1","3",0,"1.0",24,20,"CONEQUIPOS","COLOMBIA"
"1","3",0,"1.0",71,4,"INDUSTRIAL CONSULTING","COLOMBIA"
"1","3",0,"1.0",83,20,"MARAT INERNATIONAL","MÉXICO"
"1","3",0,"1.0",27,10,"CONSTRUCTORA TZAULAN","MÉXICO"
"1","3",0,"1.0",49,33,"GEO ESTRATOS","MÉXICO"
"1","3",0,"1.0",49,15,"GEO ESTRATOS","MÉXICO"
"1","3",0,"1.0",51,16,"GEOPARKLTD","CHILE"
"1","3",0,"1.0",3,21,"ALFA","MÉXICO"
"2","2",0,"1.0",3,51,"ALFA","MÉXICO"
"2","3",0,"1.0",3,22,"ALFA","MÉXICO"
"1","3",0,"1.0",52,38,"GITSA","MÉXICO"
"1","3",0,"1.0",135,24,"SERVICIOS ASOCIADOS SAS","COLOMBIA"
"1","3",0,"1.0",60,25,"GRUPO VORDACAB","MÉXICO"
"1","3",0,"1.0",60,40,"GRUPO VORDACAB","MÉXICO"
"1","3",0,"1.0",59,46,"GRUPO TOPAZ","MÉXICO"
"2","2",0,"1.0",59,86,"GRUPO TOPAZ","MÉXICO"
"1","3",0,"1.0",39,41,"ENERGÍA AMERICAS","ESTADOS UNIDOS"
"1","3",0,"1.0",96,47,"NUVOIL","MÉXICO"
"1","3",0,"1.0",96,56,"NUVOIL","MÉXICO"
"1","3",0,"1.0",26,55,"CONSTRUCTORA MARUSA","MÉXICO"
"1","3",0,"1.0",109,60,"PERFOLAT DE MÉXICO","MÉXICO"
"1","3",0,"1.0",12,66,"CANAMEX RESOURCES","HOLANDA"
"1","3",0,"1.0",4,58,"AMERICAN OIL TOOLS","ESTADOS UNIDOS"
"1","3",0,"1.0",111,61,"PETRO SOUTH ENERGY","ESTADOS UNIDOS"
"1","3",0,"1.0",140,83,"STEEL SERV","MÉXICO"
"1","3",0,"1.0",55,83,"GRUPO HOSTO","MÉXICO"
"1","3",0,"1.0",34,83,"DTSI MÉXICO","MÉXICO"
"1","3",0,"1.0",87,83,"MERCADO DE ARENAS SÍLICAS","MÉXICO"
"1","3",0,"1.0",147,7,"TORENCO ENERGY","CANADÁ"
"1","3",0,"1.0",115,91,"PETRODATA SERVICES","MÉXICO"
"1","3",0,"1.0",129,93,"ROMA ENERGY HOLDINGS","ESTADOS UNIDOS"
"1","4",0,"1.0",6,2,"ATLANTIC RIM","ESTADOS UNIDOS"
"1","4",0,"1.0",130,2,"ROYAL DUTCH SHELL","HOLANDA"
"2","1",0,"1.0",130,92,"ROYAL DUTCH SHELL","HOLANDA"
"1","4",0,"1.0",17,9,"CHEVRON CORP","ESTADOS UNIDOS"
"2","1",0,"1.0",17,9,"CHEVRON CORP","ESTADOS UNIDOS"
"1","4",0,"1.0",72,9,"INPEX CORP","JAPÓN"
"2","1",0,"1.0",72,9,"INPEX CORP","JAPÓN"
"1","4",0,"1.0",108,7,"PEMEX","MÉXICO"
"2","1",0,"1.0",108,8,"PEMEX","MÉXICO"
"2","1",0,"1.0",108,18,"PEMEX","MÉXICO"
"2","1",0,"1.0",108,11,"PEMEX","MÉXICO"
"1","4",0,"1.0",82,29,"LUKOIL","RUSIA"
"2","1",0,"1.0",82,29,"LUKOIL","RUSIA"
"1","4",0,"1.0",42,30,"EXXONMOBIL","ESTADOS UNIDOS"
"1","4",0,"1.0",148,30,"TOTAL SA","FRANCIA"
"1","4",0,"1.0",148,82,"TOTAL SA","FRANCIA"
"2","1",0,"1.0",148,92,"TOTAL SA","FRANCIA"
"1","4",0,"1.0",103,22,"OPHIR ENERGY","REINO UNIDO"
"2","1",0,"1.0",103,50,"OPHIR ENERGY","REINO UNIDO"
"1","4",0,"1.0",139,82,"STATOIL ASA","NORUEGA"
"1","4",0,"1.0",9,42,"BP GLOBAL","REINO UNIDO"
"2","1",0,"1.0",11,45,"CAIRN","REINO UNIDO"
"2","1",0,"1.0",11,26,"CAIRN","REINO UNIDO"
"2","1",0,"1.0",19,6,"CITLA ENERGY","MÉXICO"
"2","1",0,"1.0",19,26,"CITLA ENERGY","MÉXICO"
"2","1",0,"1.0",19,28,"CITLA ENERGY","MÉXICO"
"2","1",0,"1.0",31,17,"DEA ERDOEL","ALEMANIA"
"2","1",0,"1.0",31,18,"DEA ERDOEL","ALEMANIA"
"2","1",0,"1.0",94,54,"NOBLE ENERGY INC","ESTADOS UNIDOS"
"2","1",0,"1.0",94,90,"NOBLE ENERGY INC","ESTADOS UNIDOS"
"2","1",0,"1.0",37,10,"ECOPETROL","COLOMBIA"
"2","1",0,"1.0",37,63,"ECOPETROL","COLOMBIA"
"2","1",0,"1.0",37,25,"ECOPETROL","COLOMBIA"
"2","1",0,"1.0",128,71,"REPSOL","ESPAÑA"
"2","1",0,"1.0",128,81,"REPSOL","ESPAÑA"
"2","2",0,"1.0",150,51,"VERDAD OIL AND GAS","ESTADOS UNIDOS"
"2","3",0,"1.0",150,47,"VERDAD OIL AND GAS","ESTADOS UNIDOS"
"2","2",0,"1.0",143,56,"SUN GOD RESOURCES","MÉXICO"
"2","3",0,"1.0",93,52,"NG OIL AND GAS","MÉXICO"
"2","3",0,"1.0",2,10,"AINDA CONSULTORES","MÉXICO"
"2","3",0,"1.0",118,52,"PETRÓLEOS MADERE","MÉXICO"
"2","3",0,"1.0",58,65,"GRUPO SYNERGY","URUGUAY"
"2","3",0,"1.0",126,65,"QUÍMICA APOLLO","MÉXICO"
"2","3",0,"1.0",120,68,"PINFRA","MÉXICO"
"2","3",0,"1.0",18,21,"CINCOM","MÉXICO"
"2","3",0,"1.0",79,77,"KERUI GROUP","CHINA"
"2","3",0,"1.0",136,77,"SICOVAL MX","MÉXICO"
"2","3",0,"1.0",95,77,"NUEVAS SOLUCIONES ENERGÉTICAS","MÉXICO"
"1","1",1,"1.0",7,3,"BHP BILLITON","AUSTRALIA"
"1","1",1,"0.0",9,4,"BP GLOBAL","REINO UNIDO"
"1","1",1,"1.0",33,21,"DIAVAZ OFFSHORE","MÉXICO"
"1","1",1,"1.0",35,22,"E&P HIDROCARBUROS","ARGENTINA"
"1","1",1,"0.0",37,24,"ECOPETROL","COLOMBIA"
"1","1",1,"1.0",41,25,"ENI INTERNATIONAL","ITALIA"
"1","1",1,"1.0",65,41,"HUNT OIL CO","ESTADOS UNIDOS"
"1","1",1,"1.0",82,47,"LUKOIL","RUSIA"
"1","1",1,"1.0",92,48,"MURPHY OIL CORP","ESTADOS UNIDOS"
"1","1",1,"1.0",101,56,"ONGC","INDIA"
"1","1",1,"1.0",113,60,"PETROBAL","MÉXICO"
"1","1",1,"1.0",108,66,"PEMEX","MÉXICO"
"1","1",1,"1.0",139,81,"STATOIL ASA","NORUEGA"
"1","2",1,"0.0",9,4,"BP GLOBAL","REINO UNIDO"
"1","2",1,"1.0",21,10,"CNOOC","CHINA"
"1","2",1,"0.0",56,15,"GRUPO MÉXICO","MÉXICO"
"1","2",1,"1.0",31,16,"DEA ERDOEL","ALEMANIA"
"1","2",1,"0.0",33,21,"DIAVAZ OFFSHORE","MÉXICO"
"1","2",1,"1.0",35,22,"E&P HIDROCARBUROS","ARGENTINA"
"1","2",1,"0.0",37,24,"ECOPETROL","COLOMBIA"
"1","2",1,"1.0",41,25,"ENI INTERNATIONAL","ITALIA"
"1","2",1,"0.0",65,41,"HUNT OIL CO","ESTADOS UNIDOS"
"1","2",1,"1.0",82,47,"LUKOIL","RUSIA"
"1","2",1,"1.0",101,56,"ONGC","INDIA"
"1","2",1,"1.0",113,60,"PETROBAL","MÉXICO"
"1","2",1,"0.0",108,66,"PEMEX","MÉXICO"
"1","2",0,"1.0",13,7,"CARSO","MÉXICO"
"1","2",1,"1.0",139,81,"STATOIL ASA","NORUEGA"
"1","3",1,"1.0",5,1,"ARMOUR ENERGY","AUSTRALIA"
"1","3",1,"1.0",13,7,"CARSO","MÉXICO"
"1","3",1,"1.0",75,8,"INTERNATIONAL PETROLEUM","EGIPTO"
"1","3",1,"1.0",19,11,"CITLA ENERGY","MÉXICO"
"1","3",1,"0.0",21,10,"CNOOC","CHINA"
"1","3",1,"1.0",20,13,"CMM","MÉXICO"
"1","3",1,"1.0",16,14,"CESIGSA ENERGY CO","MÉXICO"
"1","3",1,"1.0",56,15,"GRUPO MÉXICO","MÉXICO"
"1","3",1,"1.0",33,21,"DIAVAZ OFFSHORE","MÉXICO"
"1","3",1,"0.0",35,22,"E&P HIDROCARBUROS","ARGENTINA"
"1","3",1,"1.0",48,32,"GENERADORA Y ABASTECEDORA DE ENERGÍA","MÉXICO"
"1","3",1,"1.0",53,35,"GPA ENERGY","MÉXICO"
"1","3",1,"1.0",54,36,"GRAN TIERRA ENERGY","CANADÁ"
"1","3",1,"1.0",32,37,"DIARQCO","MÉXICO"
"1","3",1,"1.0",57,39,"GRUPO R","MÉXICO"
"1","3",1,"1.0",69,42,"IHSA","MÉXICO"
"1","3",1,"1.0",59,45,"GRUPO TOPAZ","MÉXICO"
"1","3",1,"1.0",113,60,"PETROBAL","MÉXICO"
"1","3",1,"1.0",70,62,"INCREMENTAL OIL AND GAS","MÉXICO"
"1","3",1,"1.0",127,69,"RENAISSANCE OIL CORP","CANADÁ"
"1","3",1,"1.0",131,87,"SANCHEZ OIL AND GAS","ESTADOS UNIDOS"
"1","3",1,"1.0",132,74,"SARREAL","MÉXICO"
"1","3",1,"1.0",81,75,"LIFTING","MÉXICO"
"1","3",1,"1.0",121,76,"PJP4","MÉXICO"
"1","3",1,"0.0",139,81,"STATOIL ASA","NORUEGA"
"1","3",1,"1.0",141,84,"STRATA BPS","MÉXICO"
"1","3",1,"1.0",143,85,"SUN GOD RESOURCES","MÉXICO"
"1","3",1,"1.0",144,88,"T5 OIL AND GAS","MÉXICO"
"1","3",1,"1.0",146,89,"TECPETROL","ESPAÑA"
"1","3",0,"1.0",23,12,"COMPAÑÍA PETROLERA PERSEUS","MÉXICO"
"1","3",0,"1.0",66,90,"IDESA & INT FRONTIER RESOURCES","MÉXICO"
"1","4",1,"1.0",7,3,"BHP BILLITON","AUSTRALIA"
"1","4",1,"1.0",9,4,"BP GLOBAL","REINO UNIDO"
"1","4",1,"1.0",21,10,"CNOOC","CHINA"
"1","4",1,"1.0",41,25,"ENI INTERNATIONAL","ITALIA"
"1","4",0,"1.0",82,47,"LUKOIL","RUSIA"
"1","4",1,"1.0",92,48,"MURPHY OIL CORP","ESTADOS UNIDOS"
"1","4",0,"1.0",101,56,"ONGC","INDIA"
"1","4",1,"1.0",108,66,"PEMEX","MÉXICO"
"1","4",1,"1.0",128,70,"REPSOL","ESPAÑA"
"1","4",1,"1.0",139,81,"STATOIL ASA","NORUEGA"
"2","1",1,"0.0",9,4,"BP GLOBAL","REINO UNIDO"
"2","1",1,"1.0",19,11,"CITLA ENERGY","MÉXICO"
"2","1",1,"1.0",31,16,"DEA ERDOEL","ALEMANIA"
"2","1",1,"1.0",65,41,"HUNT OIL CO","ESTADOS UNIDOS"
"2","1",1,"1.0",92,48,"MURPHY OIL CORP","ESTADOS UNIDOS"
"2","1",1,"1.0",108,66,"PEMEX","MÉXICO"
"2","1",1,"1.0",128,70,"REPSOL","ESPAÑA"
"2","1",1,"0.0",139,81,"STATOIL ASA","NORUEGA"
"2","1",1,"1.0",37,24,"ECOPETROL","COLOMBIA"
"2","1",1,"1.0",41,25,"ENI INTERNATIONAL","ITALIA"
"2","1",1,"1.0",82,47,"LUKOIL","RUSIA"
"2","1",1,"1.0",101,56,"ONGC","INDIA"
"2","1",1,"0.0",113,60,"PETROBAL","MÉXICO"
"2","1",1,"1.0",21,10,"CNOOC","CHINA"
"2","1",0,"1.0",33,21,"DIAVAZ OFFSHORE","MÉXICO"
"2","2",1,"1.0",146,89,"TECPETROL","ESPAÑA"
"2","2",1,"1.0",54,36,"GRAN TIERRA ENERGY","CANADÁ"
"2","2",1,"1.0",69,42,"IHSA","MÉXICO"
"2","2",1,"1.0",59,45,"GRUPO TOPAZ","MÉXICO"
"2","2",1,"1.0",37,24,"ECOPETROL","COLOMBIA"
"2","2",1,"1.0",23,59,"COMPAÑÍA PETROLERA PERSEUS","MÉXICO"
"2","2",0,"1.0",121,76,"PJP4","MÉXICO"
"2","2",0,"1.0",143,85,"SUN GOD RESOURCES","MÉXICO"
"2","2",0,"1.0",57,39,"GRUPO R","MÉXICO"
"2","3",1,"1.0",54,36,"GRAN TIERRA ENERGY","CANADÁ"
"2","3",1,"1.0",13,7,"CARSO","MÉXICO"
"2","3",1,"1.0",37,24,"ECOPETROL","COLOMBIA"
"2","3",1,"1.0",57,39,"GRUPO R","MÉXICO"
"2","3",1,"1.0",69,42,"IHSA","MÉXICO"
"2","3",1,"1.0",59,45,"GRUPO TOPAZ","MÉXICO"
"2","3",1,"1.0",105,57,"P&S OIL AND GAS","ESTADOS UNIDOS"
"2","3",1,"1.0",66,90,"IDESA & INT FRONTIER RESOURCES","MÉXICO"
"2","3",1,"0.0",16,14,"CESIGSA ENERGY CO","MÉXICO"
"2","3",1,"1.0",113,60,"PETROBAL","MÉXICO"
"2","3",1,"0.0",33,21,"DIAVAZ OFFSHORE","MÉXICO"
"2","3",1,"1.0",23,59,"COMPAÑÍA PETROLERA PERSEUS","MÉXICO"
"2","3",0,"1.0",33,19,"DIAVAZ OFFSHORE","MÉXICO"
"2","3",0,"1.0",121,76,"PJP4","MÉXICO"
"ASOCIACION","ASOCIACION",1,"",21,10,"CNOOC","CHINA"
"ASOCIACION","ASOCIACION",1,"",146,89,"TECPETROL","ESPAÑA"
"ASOCIACION","ASOCIACION",1,"",113,60,"PETROBAL","MÉXICO"
"ASOCIACION","TRION",1,"1.0",7,3,"BHP BILLITON","AUSTRALIA"
"ASOCIACION","TRION",1,"1.0",9,4,"BP GLOBAL","REINO UNIDO"
"ASOCIACION","TRION",1,"1.0",82,47,"LUKOIL","RUSIA"
"1","1",1,"1.0",6,23,"ATLANTIC RIM","ESTADOS UNIDOS"
"1","1",1,"1.0",130,23,"ROYAL DUTCH SHELL","REINO UNIDO"
"1","1",1,"1.0",14,29,"CASA EXPLORATION","ESTADOS UNIDOS"
"1","1",1,"1.0",17,26,"CHEVRON CORP","ESTADOS UNIDOS"
"1","1",1,"1.0",22,28,"COBALT INTERNATIONAL ENERGY","ESTADOS UNIDOS"
"1","1",1,"1.0",15,29,"CEPSA","ESPAÑA"
"1","1",0,"1.0",152,79,"WOODSIDE","AUSTRALIA"
"1","1",0,"1.0",123,49,"PLUSPETROL","ARGENTINA"
"1","1",0,"1.0",9,79,"BP GLOBAL","ARGENTINA"
"1","1",1,"1.0",42,,"EXXONMOBIL","ESTADOS UNIDOS"
"1","1",1,"1.0",46,,"GALP ENERGIA","PORTUGAL"
"1","1",1,"1.0",63,,"HESS CORP","ESTADOS UNIDOS"
"1","1",1,"0.0",72,,"INPEX CORP","JAPÓN"
"1","1",1,"0.0",78,,"JOGMEC","JAPÓN"
"1","1",1,"0.0",77,,"JAPEX","JAPÓN"
"1","1",1,"1.0",1,,"A P MOLLER MAERSK","DINAMARCA"
"1","1",1,"1.0",84,,"MARATHON OIL CORP","ESTADOS UNIDOS"
"1","1",1,"0.0",90,,"MITSUBISHI CORP","JAPÓN"
"1","1",1,"0.0",94,,"NOBLE ENERGY INC","ESTADOS UNIDOS"
"1","1",1,"1.0",21,31,"CNOOC","CANADÁ"
"1","1",1,"1.0",106,,"PACIFIC E&P","COLOMBIA"
"1","1",0,"1.0",149,71,"TULLOW OIL PLC","REINO UNIDO"
"1","1",1,"0.0",114,,"PETROBRAS","BRASIL"
"1","1",1,"1.0",116,72,"PETRONAS","MALASIA"
"1","1",1,"1.0",122,,"PLAINS ACQUISITION","ESTADOS UNIDOS"
"1","1",1,"1.0",124,,"PREMIER OIL PLC","REINO UNIDO"
"1","1",1,"0.0",125,,"PTT PLC","TAILANDIA"
"1","1",1,"0.0",130,,"ROYAL DUTCH SHELL","HOLANDA"
"1","1",1,"1.0",137,79,"SIERRA OIL AND GAS","MÉXICO"
"1","1",0,"1.0",145,5,"TALOS ENERGY","ESTADOS UNIDOS"
"1","1",1,"1.0",148,5,"TOTAL SA","FRANCIA"
"1","2",1,"0.0",6,20,"ATLANTIC RIM","ESTADOS UNIDOS"
"1","2",1,"0.0",130,20,"ROYAL DUTCH SHELL","REINO UNIDO"
"1","2",1,"1.0",17,20,"CHEVRON CORP","ESTADOS UNIDOS"
"1","2",1,"1.0",15,33,"CEPSA","ESPAÑA"
"1","2",0,"1.0",9,38,"BP GLOBAL","ARGENTINA"
"1","2",1,"1.0",43,46,"FIELDWOOD ENERGY","ESTADOS UNIDOS"
"1","2",1,"1.0",46,86,"GALP ENERGIA","PORTUGAL"
"1","2",1,"0.0",106,55,"PACIFIC E&P","COLOMBIA"
"1","2",1,"1.0",116,,"PETRONAS","MALASIA"
"1","2",1,"1.0",122,,"PLAINS ACQUISITION","ESTADOS UNIDOS"
"1","2",1,"0.0",125,,"PTT PLC","TAILANDIA"
"1","2",1,"0.0",131,61,"SANCHEZ OIL AND GAS","ESTADOS UNIDOS"
"1","2",1,"1.0",130,83,"ROYAL DUTCH SHELL","HOLANDA"
"1","2",1,"1.0",137,83,"SIERRA OIL AND GAS","MÉXICO"
"1","2",0,"1.0",145,83,"TALOS ENERGY","ESTADOS UNIDOS"
"1","2",0,"1.0",13,91,"CARSO","MÉXICO"
"1","2",1,"0.0",138,,"SINOPEC SHANGAI CO","CHINA"
"1","2",1,"0.0",148,,"TOTAL SA","FRANCIA"
"1","3",1,"1.0",8,2,"BIN ADMINISTRATIVO","MÉXICO"
"1","3",0,"1.0",45,2,"GALCA ENERGY","PANAMÁ"
"1","3",0,"1.0",85,92,"MAX ENERGY HOLDINGS","ESTADOS UNIDOS"
"1","3",1,"1.0",10,9,"CAABSA","MÉXICO"
"1","3",0,"1.0",153,9,"ZENITH SERVICIOS PETROLEROS","MÉXICO"
"1","3",0,"1.0",98,9,"OLEODUCTO DE COLOMBIA","COLOMBIA"
"1","3",1,"1.0",64,18,"HUASTECA OIL ENERGY","MÉXICO"
"1","3",1,"0.0",88,,"MEXOIL","MÉXICO"
"1","3",1,"0.0",29,29,"COSAFI DEL NORESTE","MÉXICO"
"1","3",1,"1.0",30,29,"CPVEN","PANAMÁ"
"1","3",1,"1.0",99,30,"OLEUM","MÉXICO"
"1","3",0,"1.0",24,82,"CONEQUIPOS","COLOMBIA"
"1","3",0,"1.0",71,92,"INDUSTRIAL CONSULTING","COLOMBIA"
"1","3",0,"1.0",83,,"MARAT INERNATIONAL","MÉXICO"
"1","3",0,"1.0",27,,"CONSTRUCTORA TZAULAN","MÉXICO"
"1","3",1,"1.0",36,50,"EAST WEST PETROLEUM CORP","CANADÁ"
"1","3",1,"0.0",42,,"EXXONMOBIL","ESTADOS UNIDOS"
"1","3",1,"0.0",44,,"GA ENERGY","MÉXICO"
"1","3",1,"1.0",40,,"ENGIE","FRANCIA"
"1","3",1,"1.0",49,,"GEO ESTRATOS","MÉXICO"
"1","3",0,"1.0",49,,"GEO ESTRATOS","MÉXICO"
"1","3",1,"1.0",51,,"GEOPARKLTD","CHILE"
"1","3",1,"1.0",52,,"GITSA","MÉXICO"
"1","3",0,"1.0",135,,"SERVICIOS ASOCIADOS SAS","COLOMBIA"
"1","3",0,"1.0",57,,"GRUPO R","MÉXICO"
"1","3",1,"1.0",60,,"GRUPO VORDACAB","MÉXICO"
"1","3",0,"1.0",60,82,"GRUPO VORDACAB","MÉXICO"
"1","3",1,"0.0",73,,"INTERAMERICANA DE NAVIEROS","MÉXICO"
"1","3",1,"0.0",74,,"INTERNATIONAL FRONTIER","CANADÁ"
"1","3",0,"1.0",39,26,"ENERGÍA AMERICAS","ESTADOS UNIDOS"
"1","3",1,"1.0",80,6,"LEWIS ENERGY","ESTADOS UNIDOS"
"1","3",1,"1.0",3,26,"ALFA","MÉXICO"
"1","3",1,"0.0",86,28,"MAYAN ENERGY","ESTADOS UNIDOS"
"1","3",1,"1.0",96,18,"NUVOIL","MÉXICO"
"1","3",0,"1.0",96,,"NUVOIL","MÉXICO"
"1","3",0,"1.0",26,,"CONSTRUCTORA MARUSA","MÉXICO"
"1","3",1,"1.0",100,,"OMEGA ENERGY","PANAMÁ"
"1","3",0,"1.0",67,,"IEED","MÉXICO"
"1","3",0,"1.0",61,,"GSEM","MÉXICO"
"1","3",1,"1.0",102,,"OPERADORA PRODUCTORA Y EXPLORADORA","MÉXICO"
"1","3",0,"1.0",117,,"PETROSANTANDER INC","LUXEMBURGO"
"1","3",1,"1.0",106,,"PACIFIC E&P","COLOMBIA"
"1","3",1,"0.0",107,,"PAREX RESOURCES","CANADÁ"
"1","3",1,"1.0",109,,"PERFOLAT DE MÉXICO","MÉXICO"
"1","3",0,"1.0",12,,"CANAMEX RESOURCES","HOLANDA"
"1","3",0,"1.0",4,,"AMERICAN OIL TOOLS","ESTADOS UNIDOS"
"1","3",1,"1.0",110,,"PEROTE E&P","MÉXICO"
"1","3",0,"1.0",111,,"PETRO SOUTH ENERGY","ESTADOS UNIDOS"
"1","3",1,"0.0",123,,"PLUSPETROL","ARGENTINA"
"1","3",1,"0.0",126,,"QUÍMICA APOLLO","MÉXICO"
"1","3",1,"1.0",134,,"SERVICIOS ADMINISTRATIVOS SOMER","MÉXICO"
"1","3",0,"1.0",89,,"MEXPORT EQUIPMENT","ESTADOS UNIDOS"
"1","3",1,"0.0",138,,"SINOPEC SHANGAI CO","CHINA"
"1","3",1,"1.0",140,,"STEEL SERV","MÉXICO"
"1","3",0,"1.0",55,,"GRUPO HOSTO","MÉXICO"
"1","3",0,"1.0",34,,"DTSI MÉXICO","MÉXICO"
"1","3",0,"1.0",87,,"MERCADO DE ARENAS SÍLICAS","MÉXICO"
"1","3",1,"1.0",147,,"TORENCO ENERGY","CANADÁ"
"1","3",0,"1.0",115,,"PETRODATA SERVICES","MÉXICO"
"1","3",1,"0.0",148,,"TOTAL SA","FRANCIA"
"1","3",1,"1.0",129,,"ROMA ENERGY HOLDINGS","MÉXICO"
"1","3",0,"1.0",76,,"ION GEOPHYSICAL CO","ESTADOS UNIDOS"
"1","3",0,"1.0",129,,"ROMA ENERGY HOLDINGS","ESTADOS UNIDOS"
"1","3",0,"1.0",47,54,"GAT","MÉXICO"
"1","4",1,"1.0",6,,"ATLANTIC RIM","ESTADOS UNIDOS"
"1","4",1,"1.0",17,,"CHEVRON CORP","ESTADOS UNIDOS"
"1","4",1,"1.0",42,,"EXXONMOBIL","ESTADOS UNIDOS"
"1","4",0,"1.0",46,,"GALP ENERGIA","PORTUGAL"
"1","4",1,"1.0",63,,"HESS CORP","ESTADOS UNIDOS"
"1","4",1,"1.0",72,,"INPEX CORP","JAPÓN"
"1","4",1,"0.0",78,,"JOGMEC","JAPÓN"
"1","4",1,"1.0",90,,"MITSUBISHI CORP","JAPÓN"
"1","4",0,"1.0",91,,"MITSUI & CO","JAPÓN"
"1","4",1,"1.0",94,,"NOBLE ENERGY INC","ESTADOS UNIDOS"
"1","4",0,"1.0",103,,"OPHIR ENERGY","REINO UNIDO"
"1","4",1,"1.0",116,,"PETRONAS","MALASIA"
"1","4",1,"1.0",112,,"PETRO-CANADA","CANADÁ"
"1","4",1,"1.0",114,,"PETROBRAS","BRASIL"
"1","4",1,"1.0",130,,"ROYAL DUTCH SHELL","HOLANDA"
"1","4",0,"1.0",137,,"SIERRA OIL AND GAS","MÉXICO"
"1","4",1,"1.0",148,,"TOTAL SA","FRANCIA"
"2","1",1,"1.0",17,,"CHEVRON CORP","ESTADOS UNIDOS"
"2","1",1,"1.0",25,,"CONOCOPHILLIPS","ESTADOS UNIDOS"
"2","1",1,"1.0",103,,"OPHIR ENERGY","REINO UNIDO"
"2","1",1,"1.0",124,,"PREMIER OIL PLC","REINO UNIDO"
"2","1",1,"1.0",130,,"ROYAL DUTCH SHELL","HOLANDA"
"2","1",1,"0.0",137,,"SIERRA OIL AND GAS","MÉXICO"
"2","1",1,"1.0",148,,"TOTAL SA","FRANCIA"
"2","1",1,"0.0",38,,"ENAP","CHILE"
"2","1",1,"1.0",94,51,"NOBLE ENERGY INC","ESTADOS UNIDOS"
"2","1",1,"1.0",116,,"PETRONAS","MALASIA"
"2","1",1,"1.0",72,,"INPEX CORP","JAPÓN"
"2","1",1,"0.0",9,,"BP GLOBAL","ARGENTINA"
"2","1",1,"0.0",43,,"FIELDWOOD ENERGY","ESTADOS UNIDOS"
"2","1",1,"0.0",97,,"OJSC OC ROSNEFT","RUSIA"
"2","1",1,"1.0",145,52,"TALOS ENERGY","ESTADOS UNIDOS"
"2","1",0,"1.0",97,52,"OJSC OC ROSNEFT","RUSIA"
"2","1",0,"1.0",9,65,"BP GLOBAL","ARGENTINA"
"2","1",0,"1.0",11,65,"CAIRN","REINO UNIDO"
"2","1",0,"1.0",137,,"SIERRA OIL AND GAS","MÉXICO"
"2","2",1,"1.0",50,,"GEO POWER SOLUTIONS","COLOMBIA"
"2","2",1,"0.0",148,,"TOTAL SA","FRANCIA"
"2","2",1,"1.0",3,,"ALFA","MÉXICO"
"2","2",1,"0.0",80,,"LEWIS ENERGY","ESTADOS UNIDOS"
"2","2",0,"1.0",119,,"PETRÓLEOS MONTERREY","MÉXICO"
"2","2",0,"1.0",150,,"VERDAD OIL AND GAS","ESTADOS UNIDOS"
"2","3",1,"1.0",3,,"ALFA","MÉXICO"
"2","3",1,"1.0",126,,"QUÍMICA APOLLO","MÉXICO"
"2","3",1,"0.0",148,,"TOTAL SA","FRANCIA"
"2","3",1,"0.0",151,,"VIELPER TECHNOLOGY","MÉXICO"
"2","3",1,"1.0",50,,"GEO POWER SOLUTIONS","COLOMBIA"
"2","3",1,"0.0",68,,"IGSA","MÉXICO"
"2","3",1,"1.0",18,,"CINCOM","MÉXICO"
"2","3",1,"0.0",104,,"OPICOIL","CHINA"
"2","3",1,"1.0",136,,"SICOVAL MX","MÉXICO"
"2","3",1,"0.0",133,,"SCS","CANADÁ"
"2","3",1,"1.0",129,,"ROMA ENERGY HOLDINGS","MÉXICO"
"2","3",0,"1.0",119,,"PETRÓLEOS MONTERREY","MÉXICO"
"2","3",0,"1.0",150,,"VERDAD OIL AND GAS","ESTADOS UNIDOS"
"2","3",0,"1.0",93,,"NG OIL AND GAS","MÉXICO"
"2","3",0,"1.0",2,,"AINDA CONSULTORES","MÉXICO"
"2","3",0,"1.0",118,,"PETRÓLEOS MADERE","MÉXICO"
"2","3",0,"1.0",58,,"GRUPO SYNERGY","URUGUAY"
"2","3",0,"1.0",120,,"PINFRA","MÉXICO"
"2","3",0,"1.0",129,,"ROMA ENERGY HOLDINGS","ESTADOS UNIDOS"
"2","3",0,"1.0",76,,"ION GEOPHYSICAL CO","ESTADOS UNIDOS"
"2","3",0,"1.0",142,,"SUMIMSA","MÉXICO"
"2","3",0,"1.0",62,,"GSL","MÉXICO"
"2","3",0,"1.0",79,,"KERUI GROUP","CHINA"
"2","3",0,"1.0",95,,"NUEVAS SOLUCIONES ENERGÉTICAS","MÉXICO"
"ASOCIACION","ASOCIACION",1,"",137,,"SIERRA OIL AND GAS","MÉXICO"
"ASOCIACION","TRION",1,"0.0",6,,"ATLANTIC RIM","ESTADOS UNIDOS"
"ASOCIACION","TRION",1,"1.0",17,,"CHEVRON CORP","ESTADOS UNIDOS"
"ASOCIACION","TRION",1,"1.0",42,,"EXXONMOBIL","ESTADOS UNIDOS"
"ASOCIACION","TRION",1,"1.0",72,,"INPEX CORP","JAPÓN"
"ASOCIACION","TRION",1,"1.0",90,,"MITSUBISHI CORP","JAPÓN"
"ASOCIACION","TRION",1,"1.0",130,,"ROYAL DUTCH SHELL","HOLANDA"
"ASOCIACION","TRION",1,"1.0",148,,"TOTAL SA","FRANCIA"
"ASOCIACION","TRION",1,"1.0",116,,"PETRONAS","MALASIA"
