"ID_BLOQUE","RONDA","LICITACION","ID_LICITANTE_ADJ","ID_LICITANTE_OFERTA","LICITANTE"
"ASOC-AYÍN-BATSIL","ASOCIACIÓN","ASOCIACIÓN",,,""
"ASOC-CÁRDENAS-MORA","ASOCIACIÓN","ASOCIACIÓN",,,""
"ASOC-OGARRIO","ASOCIACIÓN","ASOCIACIÓN",,,""
"ASOC-TRION","ASOCIACIÓN","ASOCIACIÓN",3,3,"BHP BILLITON PETRÓLEO OPERACIONES DE MÉXICO, S. DE R.L. DE C.V."
"ASOC-TRION","ASOCIACIÓN","ASOCIACIÓN",3,4,"BP EXPLORATION MÉXICO, S.A. DE C.V."
"R1L1-1","1","1",,,""
"R1L1-10","1","1",,,""
"R1L1-11","1","1",,,""
"R1L1-12","1","1",,56,"ONGC VIDESH LIMITED"
"R1L1-13","1","1",,,""
"R1L1-14","1","1",,,""
"R1L1-2","1","1",80,80,"SIERRA OIL & GAS, S. DE R.L. DE C.V.;TALOS ENERGY LLC;PREMIER OIL PLC"
"R1L1-2","1","1",80,41,"HUNT OVERSEAS OIL COMPANY"
"R1L1-3","1","1",,48,"MURPHY WORLDWIDE, INC."
"R1L1-4","1","1",,48,"MURPHY WORLDWIDE, INC."
"R1L1-5","1","1",,,""
"R1L1-6","1","1",,56,"ONGC VIDESH LIMITED"
"R1L1-7","1","1",80,41,"HUNT OVERSEAS OIL COMPANY"
"R1L1-7","1","1",80,27,"ENI INTERNATIONAL B.V.;CASA EXPLORATION, L.P."
"R1L1-7","1","1",80,23,"E&P HIDROCARBUROS Y SERVICIOS, S.A. DE C.V.;PAN AMERICAN ENERGY LLC"
"R1L1-7","1","1",80,80,"SIERRA OIL & GAS, S. DE R.L. DE C.V.;TALOS ENERGY LLC;PREMIER OIL PLC"
"R1L1-7","1","1",80,81,"STATOIL E&P MÉXICO, S.A. DE C.V."
"R1L1-8","1","1",,,""
"R1L1-9","1","1",,,""
"R1L2-AMOCA-TECOALLI-MIZTÓN","1","2",25,16,"DEA DEUTSCHE ERDOEL AG"
"R1L2-AMOCA-TECOALLI-MIZTÓN","1","2",25,81,"STATOIL E&P MÉXICO, S.A. DE C.V."
"R1L2-AMOCA-TECOALLI-MIZTÓN","1","2",25,10,"CHINA OFFSHORE OIL CORPORATION E&P MÉXICO, S.A.P.I. DE C.V."
"R1L2-AMOCA-TECOALLI-MIZTÓN","1","2",25,79,"SIERRA OIL & GAS, S. DE R.L. DE C.V.;TALOS ENERGY LLC;CARSO OIL AND GAS, S.A. DE C.V.;CARSO ENERGY, S.A. DE C.V."
"R1L2-AMOCA-TECOALLI-MIZTÓN","1","2",25,31,"FIELDWOOD ENERGY LLC;PETROBAL, S.A.P.I. DE C.V."
"R1L2-AMOCA-TECOALLI-MIZTÓN","1","2",25,64,"PETRONAS CARIGALI INTERNATIONAL E&P B.V.;GALP ENERGÍA E&P B.V."
"R1L2-AMOCA-TECOALLI-MIZTÓN","1","2",25,25,"ENI INTERNATIONAL B.V."
"R1L2-AMOCA-TECOALLI-MIZTÓN","1","2",25,47,"LUKOIL OVERSEAS NETHERLANDS B.V."
"R1L2-AMOCA-TECOALLI-MIZTÓN","1","2",25,23,"E&P HIDROCARBUROS Y SERVICIOS, S.A. DE C.V.;PAN AMERICAN ENERGY LLC"
"R1L2-HOKCHI","1","2",23,10,"CHINA OFFSHORE OIL CORPORATION E&P MÉXICO, S.A.P.I. DE C.V."
"R1L2-HOKCHI","1","2",23,81,"STATOIL E&P MÉXICO, S.A. DE C.V."
"R1L2-HOKCHI","1","2",23,79,"SIERRA OIL & GAS, S. DE R.L. DE C.V.;TALOS ENERGY LLC;CARSO OIL AND GAS, S.A. DE C.V.;CARSO ENERGY, S.A. DE C.V."
"R1L2-HOKCHI","1","2",23,31,"FIELDWOOD ENERGY LLC;PETROBAL, S.A.P.I. DE C.V."
"R1L2-HOKCHI","1","2",23,23,"E&P HIDROCARBUROS Y SERVICIOS, S.A. DE C.V.;PAN AMERICAN ENERGY LLC"
"R1L2-ICHALKIL-POKOCH","1","2",31,31,"FIELDWOOD ENERGY LLC;PETROBAL, S.A.P.I. DE C.V."
"R1L2-NAK-MISÓN","1","2",,,""
"R1L2-XULUM","1","2",,,""
"R1L3-BARCODÓN","1","3",21,21,"DIAVAZ OFFSHORE, S.A.P.I. DE C.V."
"R1L3-BARCODÓN","1","3",21,11,"CITLA ENERGY ONSHORE, S.A.P.I. DE C.V."
"R1L3-BARCODÓN","1","3",21,22,"E&P HIDROCARBUROS Y SERVICIOS, S.A. DE C.V."
"R1L3-BARCODÓN","1","3",21,5,"CAABSA INFRAESTRUCTURA, S.A. DE C.V.;ZENITH SERVICIOS PETROLEROS;OLEODUCTO DEL NORTE DE COLOMBIA"
"R1L3-BARCODÓN","1","3",21,58,"PERFOLAT DE MÉXICO, S.A. DE C.V.;CANAMEX DUTCH B.V.;AMERICAN OIL TOOLS, S. DE R.L. DE C.V."
"R1L3-BARCODÓN","1","3",21,36,"GRAN TIERRA ENERGY INC."
"R1L3-BARCODÓN","1","3",21,15,"CONTROLADORA DE INFRAESTRUCTURA PETROLERA MÉXICO, S.A. DE C.V."
"R1L3-BARCODÓN","1","3",21,46,"JAGUAR EXPLORACIÓN Y PRODUCCIÓN DE HIDROCARBUROS, S.A.P.I. DE C.V.;ENERGÍA AMERICAS II, LLC"
"R1L3-BARCODÓN","1","3",21,8,"CHEIRON HOLDINGS LIMITED"
"R1L3-BARCODÓN","1","3",21,75,"SERVICIOS DE EXTRACCIÓN PETROLERA LIFTING DE MÉXICO, S.A. DE C.V."
"R1L3-BARCODÓN","1","3",21,32,"GENERADORA Y ABASTECEDORA DE ENERGÍA DE MÉXICO, S.A. DE C.V."
"R1L3-BARCODÓN","1","3",21,62,"PETROLEUM INCREMENTAL INC, S. DE R.L. DE C.V."
"R1L3-BENAVIDES-PRIMAVERA","1","3",55,14,"CONSTRUCCIONES Y SERVICIOS INDUSTRIALES GLOBALES, S.A. DE C.V."
"R1L3-BENAVIDES-PRIMAVERA","1","3",55,76,"SERVICIOS PJP4 DE MÉXICO, S.A. DE C.V."
"R1L3-BENAVIDES-PRIMAVERA","1","3",55,55,"NUVOIL, S.A. DE C.V.;SISTEMAS INTEGRALES DE COMPRESIÓN, S.A. DE C.V.;CONSTRUCTORA MARUSA, S.A. DE C.V."
"R1L3-BENAVIDES-PRIMAVERA","1","3",55,34,"GEOPARK LIMITED;NEWPEK EXPLORACIÓN Y EXTRACCIÓN, S.A. DE C.V."
"R1L3-BENAVIDES-PRIMAVERA","1","3",55,13,"CONSORCIO MANUFACTURERO MEXICANO, S.A. DE C.V."
"R1L3-BENAVIDES-PRIMAVERA","1","3",55,5,"CAABSA INFRAESTRUCTURA, S.A. DE C.V.;ZENITH SERVICIOS PETROLEROS;OLEODUCTO DEL NORTE DE COLOMBIA"
"R1L3-BENAVIDES-PRIMAVERA","1","3",55,40,"GRUPO VORDCAB, S.A. DE C.V.;OCM VORDCAB, S.A. DE C.V."
"R1L3-BENAVIDES-PRIMAVERA","1","3",55,74,"SARREAL, S.A. DE C.V."
"R1L3-BENAVIDES-PRIMAVERA","1","3",55,46,"JAGUAR EXPLORACIÓN Y PRODUCCIÓN DE HIDROCARBUROS, S.A.P.I. DE C.V.;ENERGÍA AMERICAS II, LLC"
"R1L3-CALIBRADOR","1","3",13,13,"CONSORCIO MANUFACTURERO MEXICANO, S.A. DE C.V."
"R1L3-CALIBRADOR","1","3",13,35,"GPA ENERGY, S.A. DE C.V."
"R1L3-CALIBRADOR","1","3",13,74,"SARREAL, S.A. DE C.V."
"R1L3-CALIBRADOR","1","3",13,76,"SERVICIOS PJP4 DE MÉXICO, S.A. DE C.V."
"R1L3-CALIBRADOR","1","3",13,83,"STEEL SERV, S.A. DE C.V.;CONSTRUCTORA HOSTOTIPAQUILLO, S.A. DE C.V.;DESARROLLO DE TECNOLOGÍA Y SERVICIOS INTEGRALES, S.A. DE C.V.;MERCADO DE ARENAS SÍLICAS"
"R1L3-CALIBRADOR","1","3",13,84,"STRATA CAMPOS MADUROS, S.A.P.I. DE C.V."
"R1L3-CALIBRADOR","1","3",13,37,"GRUPO DIARQCO, S.A. DE C.V."
"R1L3-CALICANTO","1","3",37,93,"TUBULAR TECHNOLOGY, S.A. DE C.V.;GX GEOSCIENCE CORPORATION, S. DE R.L. DE C.V.;ROMA ENERGY HOLDINGS, LLC"
"R1L3-CALICANTO","1","3",37,20,"DESARROLLADORA OLEUM, S.A. DE C.V.;INGENIERÍA CONSTRUCCIONES Y EQUIPOS CONEQUIPOS;INDUSTRIAL CONSULTING;MARAT INTERNATIONAL;CONSTRUCTORA TZAULAN"
"R1L3-CALICANTO","1","3",37,37,"GRUPO DIARQCO, S.A. DE C.V."
"R1L3-CALICANTO","1","3",37,62,"PETROLEUM INCREMENTAL INC, S. DE R.L. DE C.V."
"R1L3-CALICANTO","1","3",37,85,"SUN GOD ENERGÍA DE MÉXICO, S.A. DE C.V."
"R1L3-CARRETAS","1","3",84,84,"STRATA CAMPOS MADUROS, S.A.P.I. DE C.V."
"R1L3-CARRETAS","1","3",84,42,"IBEROAMERICANA DE HIDROCARBUROS, S.A. DE C.V."
"R1L3-CARRETAS","1","3",84,34,"GEOPARK LIMITED;NEWPEK EXPLORACIÓN Y EXTRACCIÓN, S.A. DE C.V."
"R1L3-CARRETAS","1","3",84,21,"DIAVAZ OFFSHORE, S.A.P.I. DE C.V."
"R1L3-CARRETAS","1","3",84,74,"SARREAL, S.A. DE C.V."
"R1L3-CARRETAS","1","3",84,46,"JAGUAR EXPLORACIÓN Y PRODUCCIÓN DE HIDROCARBUROS, S.A.P.I. DE C.V.;ENERGÍA AMERICAS II, LLC"
"R1L3-CARRETAS","1","3",84,83,"STEEL SERV, S.A. DE C.V.;CONSTRUCTORA HOSTOTIPAQUILLO, S.A. DE C.V.;DESARROLLO DE TECNOLOGÍA Y SERVICIOS INTEGRALES, S.A. DE C.V.;MERCADO DE ARENAS SÍLICAS"
"R1L3-CARRETAS","1","3",84,13,"CONSORCIO MANUFACTURERO MEXICANO, S.A. DE C.V."
"R1L3-CATEDRAL","1","3",21,37,"GRUPO DIARQCO, S.A. DE C.V."
"R1L3-CATEDRAL","1","3",21,7,"CARSO OIL AND GAS, S.A. DE C.V."
"R1L3-CATEDRAL","1","3",21,38,"GRUPO INDUSTRIAL DE TABASCO, S.A. DE C.V.;SERVICIOS ASOCIADOS S.A.S."
"R1L3-CATEDRAL","1","3",21,91,"TORENCO ENERGY INC.;PETRODATA SERVICES, S.A. DE C.V."
"R1L3-CATEDRAL","1","3",21,46,"JAGUAR EXPLORACIÓN Y PRODUCCIÓN DE HIDROCARBUROS, S.A.P.I. DE C.V.;ENERGÍA AMERICAS II, LLC"
"R1L3-CATEDRAL","1","3",21,13,"CONSORCIO MANUFACTURERO MEXICANO, S.A. DE C.V."
"R1L3-CATEDRAL","1","3",21,55,"NUVOIL, S.A. DE C.V.;SISTEMAS INTEGRALES DE COMPRESIÓN, S.A. DE C.V.;CONSTRUCTORA MARUSA, S.A. DE C.V."
"R1L3-CATEDRAL","1","3",21,69,"RENAISSANCE OIL CORP., S.A. DE C.V."
"R1L3-CATEDRAL","1","3",21,90,"TONALLI ENERGÍA, S.A.P.I. DE C.V."
"R1L3-CATEDRAL","1","3",21,21,"DIAVAZ OFFSHORE, S.A.P.I. DE C.V."
"R1L3-CATEDRAL","1","3",21,93,"TUBULAR TECHNOLOGY, S.A. DE C.V.;GX GEOSCIENCE CORPORATION, S. DE R.L. DE C.V.;ROMA ENERGY HOLDINGS, LLC"
"R1L3-CUICHAPA-PONIENTE","1","3",75,61,"PETROBAL, S.A.P.I. DE C.V.;PETROSOUTH PROPERTIES"
"R1L3-CUICHAPA-PONIENTE","1","3",75,36,"GRAN TIERRA ENERGY INC."
"R1L3-CUICHAPA-PONIENTE","1","3",75,15,"CONTROLADORA DE INFRAESTRUCTURA PETROLERA MÉXICO, S.A. DE C.V."
"R1L3-CUICHAPA-PONIENTE","1","3",75,89,"TECPETROL INTERNACIONAL S.L."
"R1L3-CUICHAPA-PONIENTE","1","3",75,34,"GEOPARK LIMITED;NEWPEK EXPLORACIÓN Y EXTRACCIÓN, S.A. DE C.V."
"R1L3-CUICHAPA-PONIENTE","1","3",75,11,"CITLA ENERGY ONSHORE, S.A.P.I. DE C.V."
"R1L3-CUICHAPA-PONIENTE","1","3",75,7,"CARSO OIL AND GAS, S.A. DE C.V."
"R1L3-CUICHAPA-PONIENTE","1","3",75,5,"CAABSA INFRAESTRUCTURA, S.A. DE C.V.;ZENITH SERVICIOS PETROLEROS;OLEODUCTO DEL NORTE DE COLOMBIA"
"R1L3-CUICHAPA-PONIENTE","1","3",75,93,"TUBULAR TECHNOLOGY, S.A. DE C.V.;GX GEOSCIENCE CORPORATION, S. DE R.L. DE C.V.;ROMA ENERGY HOLDINGS, LLC"
"R1L3-CUICHAPA-PONIENTE","1","3",75,22,"E&P HIDROCARBUROS Y SERVICIOS, S.A. DE C.V."
"R1L3-CUICHAPA-PONIENTE","1","3",75,46,"JAGUAR EXPLORACIÓN Y PRODUCCIÓN DE HIDROCARBUROS, S.A.P.I. DE C.V.;ENERGÍA AMERICAS II, LLC"
"R1L3-CUICHAPA-PONIENTE","1","3",75,32,"GENERADORA Y ABASTECEDORA DE ENERGÍA DE MÉXICO, S.A. DE C.V."
"R1L3-CUICHAPA-PONIENTE","1","3",75,75,"SERVICIOS DE EXTRACCIÓN PETROLERA LIFTING DE MÉXICO, S.A. DE C.V."
"R1L3-CUICHAPA-PONIENTE","1","3",75,87,"SÁNCHEZ-OLIUM, S. DE R.L. DE C.V."
"R1L3-DUNA","1","3",14,14,"CONSTRUCCIONES Y SERVICIOS INDUSTRIALES GLOBALES, S.A. DE C.V."
"R1L3-DUNA","1","3",14,13,"CONSORCIO MANUFACTURERO MEXICANO, S.A. DE C.V."
"R1L3-DUNA","1","3",14,74,"SARREAL, S.A. DE C.V."
"R1L3-FORTUNA NACIONAL","1","3",12,12,"COMPAÑÍA PETROLERA PERSEUS, S.A. DE C.V."
"R1L3-FORTUNA NACIONAL","1","3",12,93,"TUBULAR TECHNOLOGY, S.A. DE C.V.;GX GEOSCIENCE CORPORATION, S. DE R.L. DE C.V.;ROMA ENERGY HOLDINGS, LLC"
"R1L3-FORTUNA NACIONAL","1","3",12,37,"GRUPO DIARQCO, S.A. DE C.V."
"R1L3-FORTUNA NACIONAL","1","3",12,74,"SARREAL, S.A. DE C.V."
"R1L3-FORTUNA NACIONAL","1","3",12,38,"GRUPO INDUSTRIAL DE TABASCO, S.A. DE C.V.;SERVICIOS ASOCIADOS S.A.S."
"R1L3-FORTUNA NACIONAL","1","3",12,69,"RENAISSANCE OIL CORP., S.A. DE C.V."
"R1L3-LA LAJA","1","3",20,33,"GEO ESTRATOS MXOIL EXPLORACIÓN Y PRODUCCIÓN, S.A.P.I. DE C.V.;GEO ESTRATOS, S.A. DE C.V."
"R1L3-LA LAJA","1","3",20,13,"CONSORCIO MANUFACTURERO MEXICANO, S.A. DE C.V."
"R1L3-LA LAJA","1","3",20,20,"DESARROLLADORA OLEUM, S.A. DE C.V.;INGENIERÍA CONSTRUCCIONES Y EQUIPOS CONEQUIPOS;INDUSTRIAL CONSULTING;MARAT INTERNATIONAL;CONSTRUCTORA TZAULAN"
"R1L3-MALVA","1","3",69,37,"GRUPO DIARQCO, S.A. DE C.V."
"R1L3-MALVA","1","3",69,88,"T5 ENERMUSA, S.A.P.I. DE C.V."
"R1L3-MALVA","1","3",69,11,"CITLA ENERGY ONSHORE, S.A.P.I. DE C.V."
"R1L3-MALVA","1","3",69,93,"TUBULAR TECHNOLOGY, S.A. DE C.V.;GX GEOSCIENCE CORPORATION, S. DE R.L. DE C.V.;ROMA ENERGY HOLDINGS, LLC"
"R1L3-MALVA","1","3",69,69,"RENAISSANCE OIL CORP., S.A. DE C.V."
"R1L3-MALVA","1","3",69,75,"SERVICIOS DE EXTRACCIÓN PETROLERA LIFTING DE MÉXICO, S.A. DE C.V."
"R1L3-MALVA","1","3",69,42,"IBEROAMERICANA DE HIDROCARBUROS, S.A. DE C.V."
"R1L3-MAREÓGRAFO","1","3",13,83,"STEEL SERV, S.A. DE C.V.;CONSTRUCTORA HOSTOTIPAQUILLO, S.A. DE C.V.;DESARROLLO DE TECNOLOGÍA Y SERVICIOS INTEGRALES, S.A. DE C.V.;MERCADO DE ARENAS SÍLICAS"
"R1L3-MAREÓGRAFO","1","3",13,37,"GRUPO DIARQCO, S.A. DE C.V."
"R1L3-MAREÓGRAFO","1","3",13,74,"SARREAL, S.A. DE C.V."
"R1L3-MAREÓGRAFO","1","3",13,40,"GRUPO VORDCAB, S.A. DE C.V.;OCM VORDCAB, S.A. DE C.V."
"R1L3-MAREÓGRAFO","1","3",13,13,"CONSORCIO MANUFACTURERO MEXICANO, S.A. DE C.V."
"R1L3-MAREÓGRAFO","1","3",13,55,"NUVOIL, S.A. DE C.V.;SISTEMAS INTEGRALES DE COMPRESIÓN, S.A. DE C.V.;CONSTRUCTORA MARUSA, S.A. DE C.V."
"R1L3-MAREÓGRAFO","1","3",13,14,"CONSTRUCCIONES Y SERVICIOS INDUSTRIALES GLOBALES, S.A. DE C.V."
"R1L3-MAREÓGRAFO","1","3",13,5,"CAABSA INFRAESTRUCTURA, S.A. DE C.V.;ZENITH SERVICIOS PETROLEROS;OLEODUCTO DEL NORTE DE COLOMBIA"
"R1L3-MAYACASTE","1","3",37,12,"COMPAÑÍA PETROLERA PERSEUS, S.A. DE C.V."
"R1L3-MAYACASTE","1","3",37,93,"TUBULAR TECHNOLOGY, S.A. DE C.V.;GX GEOSCIENCE CORPORATION, S. DE R.L. DE C.V.;ROMA ENERGY HOLDINGS, LLC"
"R1L3-MAYACASTE","1","3",37,37,"GRUPO DIARQCO, S.A. DE C.V."
"R1L3-MAYACASTE","1","3",37,74,"SARREAL, S.A. DE C.V."
"R1L3-MOLOACÁN","1","3",58,32,"GENERADORA Y ABASTECEDORA DE ENERGÍA DE MÉXICO, S.A. DE C.V."
"R1L3-MOLOACÁN","1","3",58,93,"TUBULAR TECHNOLOGY, S.A. DE C.V.;GX GEOSCIENCE CORPORATION, S. DE R.L. DE C.V.;ROMA ENERGY HOLDINGS, LLC"
"R1L3-MOLOACÁN","1","3",58,58,"PERFOLAT DE MÉXICO, S.A. DE C.V.;CANAMEX DUTCH B.V.;AMERICAN OIL TOOLS, S. DE R.L. DE C.V."
"R1L3-MOLOACÁN","1","3",58,5,"CAABSA INFRAESTRUCTURA, S.A. DE C.V.;ZENITH SERVICIOS PETROLEROS;OLEODUCTO DEL NORTE DE COLOMBIA"
"R1L3-MOLOACÁN","1","3",58,75,"SERVICIOS DE EXTRACCIÓN PETROLERA LIFTING DE MÉXICO, S.A. DE C.V."
"R1L3-MOLOACÁN","1","3",58,15,"CONTROLADORA DE INFRAESTRUCTURA PETROLERA MÉXICO, S.A. DE C.V."
"R1L3-MOLOACÁN","1","3",58,61,"PETROBAL, S.A.P.I. DE C.V.;PETROSOUTH PROPERTIES"
"R1L3-MOLOACÁN","1","3",58,11,"CITLA ENERGY ONSHORE, S.A.P.I. DE C.V."
"R1L3-MOLOACÁN","1","3",58,46,"JAGUAR EXPLORACIÓN Y PRODUCCIÓN DE HIDROCARBUROS, S.A.P.I. DE C.V.;ENERGÍA AMERICAS II, LLC"
"R1L3-MOLOACÁN","1","3",58,87,"SÁNCHEZ-OLIUM, S. DE R.L. DE C.V."
"R1L3-MOLOACÁN","1","3",58,34,"GEOPARK LIMITED;NEWPEK EXPLORACIÓN Y EXTRACCIÓN, S.A. DE C.V."
"R1L3-MUNDO NUEVO","1","3",69,69,"RENAISSANCE OIL CORP., S.A. DE C.V."
"R1L3-MUNDO NUEVO","1","3",69,37,"GRUPO DIARQCO, S.A. DE C.V."
"R1L3-MUNDO NUEVO","1","3",69,90,"TONALLI ENERGÍA, S.A.P.I. DE C.V."
"R1L3-MUNDO NUEVO","1","3",69,22,"E&P HIDROCARBUROS Y SERVICIOS, S.A. DE C.V."
"R1L3-MUNDO NUEVO","1","3",69,75,"SERVICIOS DE EXTRACCIÓN PETROLERA LIFTING DE MÉXICO, S.A. DE C.V."
"R1L3-MUNDO NUEVO","1","3",69,46,"JAGUAR EXPLORACIÓN Y PRODUCCIÓN DE HIDROCARBUROS, S.A.P.I. DE C.V.;ENERGÍA AMERICAS II, LLC"
"R1L3-MUNDO NUEVO","1","3",69,93,"TUBULAR TECHNOLOGY, S.A. DE C.V.;GX GEOSCIENCE CORPORATION, S. DE R.L. DE C.V.;ROMA ENERGY HOLDINGS, LLC"
"R1L3-MUNDO NUEVO","1","3",69,38,"GRUPO INDUSTRIAL DE TABASCO, S.A. DE C.V.;SERVICIOS ASOCIADOS S.A.S."
"R1L3-MUNDO NUEVO","1","3",69,83,"STEEL SERV, S.A. DE C.V.;CONSTRUCTORA HOSTOTIPAQUILLO, S.A. DE C.V.;DESARROLLO DE TECNOLOGÍA Y SERVICIOS INTEGRALES, S.A. DE C.V.;MERCADO DE ARENAS SÍLICAS"
"R1L3-MUNDO NUEVO","1","3",69,42,"IBEROAMERICANA DE HIDROCARBUROS, S.A. DE C.V."
"R1L3-MUNDO NUEVO","1","3",69,7,"CARSO OIL AND GAS, S.A. DE C.V."
"R1L3-MUNDO NUEVO","1","3",69,1,"ARMOUR ENERGY LIMITED"
"R1L3-MUNDO NUEVO","1","3",69,11,"CITLA ENERGY ONSHORE, S.A.P.I. DE C.V."
"R1L3-MUNDO NUEVO","1","3",69,20,"DESARROLLADORA OLEUM, S.A. DE C.V.;INGENIERÍA CONSTRUCCIONES Y EQUIPOS CONEQUIPOS;INDUSTRIAL CONSULTING;MARAT INTERNATIONAL;CONSTRUCTORA TZAULAN"
"R1L3-MUNDO NUEVO","1","3",69,91,"TORENCO ENERGY INC.;PETRODATA SERVICES, S.A. DE C.V."
"R1L3-MUNDO NUEVO","1","3",69,21,"DIAVAZ OFFSHORE, S.A.P.I. DE C.V."
"R1L3-PARAÍSO","1","3",93,93,"TUBULAR TECHNOLOGY, S.A. DE C.V.;GX GEOSCIENCE CORPORATION, S. DE R.L. DE C.V.;ROMA ENERGY HOLDINGS, LLC"
"R1L3-PARAÍSO","1","3",93,37,"GRUPO DIARQCO, S.A. DE C.V."
"R1L3-PASO DE ORO","1","3",75,13,"CONSORCIO MANUFACTURERO MEXICANO, S.A. DE C.V."
"R1L3-PASO DE ORO","1","3",75,37,"GRUPO DIARQCO, S.A. DE C.V."
"R1L3-PASO DE ORO","1","3",75,33,"GEO ESTRATOS MXOIL EXPLORACIÓN Y PRODUCCIÓN, S.A.P.I. DE C.V.;GEO ESTRATOS, S.A. DE C.V."
"R1L3-PASO DE ORO","1","3",75,75,"SERVICIOS DE EXTRACCIÓN PETROLERA LIFTING DE MÉXICO, S.A. DE C.V."
"R1L3-PEÑA BLANCA","1","3",84,55,"NUVOIL, S.A. DE C.V.;SISTEMAS INTEGRALES DE COMPRESIÓN, S.A. DE C.V.;CONSTRUCTORA MARUSA, S.A. DE C.V."
"R1L3-PEÑA BLANCA","1","3",84,21,"DIAVAZ OFFSHORE, S.A.P.I. DE C.V."
"R1L3-PEÑA BLANCA","1","3",84,40,"GRUPO VORDCAB, S.A. DE C.V.;OCM VORDCAB, S.A. DE C.V."
"R1L3-PEÑA BLANCA","1","3",84,74,"SARREAL, S.A. DE C.V."
"R1L3-PEÑA BLANCA","1","3",84,22,"E&P HIDROCARBUROS Y SERVICIOS, S.A. DE C.V."
"R1L3-PEÑA BLANCA","1","3",84,35,"GPA ENERGY, S.A. DE C.V."
"R1L3-PEÑA BLANCA","1","3",84,46,"JAGUAR EXPLORACIÓN Y PRODUCCIÓN DE HIDROCARBUROS, S.A.P.I. DE C.V.;ENERGÍA AMERICAS II, LLC"
"R1L3-PEÑA BLANCA","1","3",84,13,"CONSORCIO MANUFACTURERO MEXICANO, S.A. DE C.V."
"R1L3-PEÑA BLANCA","1","3",84,42,"IBEROAMERICANA DE HIDROCARBUROS, S.A. DE C.V."
"R1L3-PEÑA BLANCA","1","3",84,84,"STRATA CAMPOS MADUROS, S.A.P.I. DE C.V."
"R1L3-PONTÓN","1","3",69,14,"CONSTRUCCIONES Y SERVICIOS INDUSTRIALES GLOBALES, S.A. DE C.V."
"R1L3-PONTÓN","1","3",69,40,"GRUPO VORDCAB, S.A. DE C.V.;OCM VORDCAB, S.A. DE C.V."
"R1L3-PONTÓN","1","3",69,88,"T5 ENERMUSA, S.A.P.I. DE C.V."
"R1L3-PONTÓN","1","3",69,13,"CONSORCIO MANUFACTURERO MEXICANO, S.A. DE C.V."
"R1L3-PONTÓN","1","3",69,69,"RENAISSANCE OIL CORP., S.A. DE C.V."
"R1L3-PONTÓN","1","3",69,33,"GEO ESTRATOS MXOIL EXPLORACIÓN Y PRODUCCIÓN, S.A.P.I. DE C.V.;GEO ESTRATOS, S.A. DE C.V."
"R1L3-RICOS","1","3",83,84,"STRATA CAMPOS MADUROS, S.A.P.I. DE C.V."
"R1L3-RICOS","1","3",83,83,"STEEL SERV, S.A. DE C.V.;CONSTRUCTORA HOSTOTIPAQUILLO, S.A. DE C.V.;DESARROLLO DE TECNOLOGÍA Y SERVICIOS INTEGRALES, S.A. DE C.V.;MERCADO DE ARENAS SÍLICAS"
"R1L3-RICOS","1","3",83,37,"GRUPO DIARQCO, S.A. DE C.V."
"R1L3-RICOS","1","3",83,42,"IBEROAMERICANA DE HIDROCARBUROS, S.A. DE C.V."
"R1L3-RICOS","1","3",83,13,"CONSORCIO MANUFACTURERO MEXICANO, S.A. DE C.V."
"R1L3-RICOS","1","3",83,74,"SARREAL, S.A. DE C.V."
"R1L3-SAN BERNARDO","1","3",84,76,"SERVICIOS PJP4 DE MÉXICO, S.A. DE C.V."
"R1L3-SAN BERNARDO","1","3",84,46,"JAGUAR EXPLORACIÓN Y PRODUCCIÓN DE HIDROCARBUROS, S.A.P.I. DE C.V.;ENERGÍA AMERICAS II, LLC"
"R1L3-SAN BERNARDO","1","3",84,14,"CONSTRUCCIONES Y SERVICIOS INDUSTRIALES GLOBALES, S.A. DE C.V."
"R1L3-SAN BERNARDO","1","3",84,84,"STRATA CAMPOS MADUROS, S.A.P.I. DE C.V."
"R1L3-SAN BERNARDO","1","3",84,74,"SARREAL, S.A. DE C.V."
"R1L3-SAN BERNARDO","1","3",84,13,"CONSORCIO MANUFACTURERO MEXICANO, S.A. DE C.V."
"R1L3-SECADERO","1","3",22,37,"GRUPO DIARQCO, S.A. DE C.V."
"R1L3-SECADERO","1","3",22,46,"JAGUAR EXPLORACIÓN Y PRODUCCIÓN DE HIDROCARBUROS, S.A.P.I. DE C.V.;ENERGÍA AMERICAS II, LLC"
"R1L3-SECADERO","1","3",22,62,"PETROLEUM INCREMENTAL INC, S. DE R.L. DE C.V."
"R1L3-SECADERO","1","3",22,93,"TUBULAR TECHNOLOGY, S.A. DE C.V.;GX GEOSCIENCE CORPORATION, S. DE R.L. DE C.V.;ROMA ENERGY HOLDINGS, LLC"
"R1L3-SECADERO","1","3",22,85,"SUN GOD ENERGÍA DE MÉXICO, S.A. DE C.V."
"R1L3-SECADERO","1","3",22,69,"RENAISSANCE OIL CORP., S.A. DE C.V."
"R1L3-SECADERO","1","3",22,22,"E&P HIDROCARBUROS Y SERVICIOS, S.A. DE C.V."
"R1L3-SECADERO","1","3",22,88,"T5 ENERMUSA, S.A.P.I. DE C.V."
"R1L3-TAJÓN","1","3",12,12,"COMPAÑÍA PETROLERA PERSEUS, S.A. DE C.V."
"R1L3-TAJÓN","1","3",12,75,"SERVICIOS DE EXTRACCIÓN PETROLERA LIFTING DE MÉXICO, S.A. DE C.V."
"R1L3-TAJÓN","1","3",12,58,"PERFOLAT DE MÉXICO, S.A. DE C.V.;CANAMEX DUTCH B.V.;AMERICAN OIL TOOLS, S. DE R.L. DE C.V."
"R1L3-TECOLUTLA","1","3",90,69,"RENAISSANCE OIL CORP., S.A. DE C.V."
"R1L3-TECOLUTLA","1","3",90,33,"GEO ESTRATOS MXOIL EXPLORACIÓN Y PRODUCCIÓN, S.A.P.I. DE C.V.;GEO ESTRATOS, S.A. DE C.V."
"R1L3-TECOLUTLA","1","3",90,90,"TONALLI ENERGÍA, S.A.P.I. DE C.V."
"R1L3-TOPÉN","1","3",69,88,"T5 ENERMUSA, S.A.P.I. DE C.V."
"R1L3-TOPÉN","1","3",69,11,"CITLA ENERGY ONSHORE, S.A.P.I. DE C.V."
"R1L3-TOPÉN","1","3",69,22,"E&P HIDROCARBUROS Y SERVICIOS, S.A. DE C.V."
"R1L3-TOPÉN","1","3",69,90,"TONALLI ENERGÍA, S.A.P.I. DE C.V."
"R1L3-TOPÉN","1","3",69,75,"SERVICIOS DE EXTRACCIÓN PETROLERA LIFTING DE MÉXICO, S.A. DE C.V."
"R1L3-TOPÉN","1","3",69,21,"DIAVAZ OFFSHORE, S.A.P.I. DE C.V."
"R1L3-TOPÉN","1","3",69,69,"RENAISSANCE OIL CORP., S.A. DE C.V."
"R1L3-TOPÉN","1","3",69,37,"GRUPO DIARQCO, S.A. DE C.V."
"R1L3-TOPÉN","1","3",69,38,"GRUPO INDUSTRIAL DE TABASCO, S.A. DE C.V.;SERVICIOS ASOCIADOS S.A.S."
"R1L3-TOPÉN","1","3",69,5,"CAABSA INFRAESTRUCTURA, S.A. DE C.V.;ZENITH SERVICIOS PETROLEROS;OLEODUCTO DEL NORTE DE COLOMBIA"
"R1L3-TOPÉN","1","3",69,74,"SARREAL, S.A. DE C.V."
"R1L3-TOPÉN","1","3",69,40,"GRUPO VORDCAB, S.A. DE C.V.;OCM VORDCAB, S.A. DE C.V."
"R1L3-TOPÉN","1","3",69,83,"STEEL SERV, S.A. DE C.V.;CONSTRUCTORA HOSTOTIPAQUILLO, S.A. DE C.V.;DESARROLLO DE TECNOLOGÍA Y SERVICIOS INTEGRALES, S.A. DE C.V.;MERCADO DE ARENAS SÍLICAS"
"R1L3-TOPÉN","1","3",69,46,"JAGUAR EXPLORACIÓN Y PRODUCCIÓN DE HIDROCARBUROS, S.A.P.I. DE C.V.;ENERGÍA AMERICAS II, LLC"
"R1L3-TOPÉN","1","3",69,36,"GRAN TIERRA ENERGY INC."
"R1L3-TOPÉN","1","3",69,42,"IBEROAMERICANA DE HIDROCARBUROS, S.A. DE C.V."
"R1L3-TOPÉN","1","3",69,85,"SUN GOD ENERGÍA DE MÉXICO, S.A. DE C.V."
"R1L3-TOPÉN","1","3",69,93,"TUBULAR TECHNOLOGY, S.A. DE C.V.;GX GEOSCIENCE CORPORATION, S. DE R.L. DE C.V.;ROMA ENERGY HOLDINGS, LLC"
"R1L3-TOPÉN","1","3",69,33,"GEO ESTRATOS MXOIL EXPLORACIÓN Y PRODUCCIÓN, S.A.P.I. DE C.V.;GEO ESTRATOS, S.A. DE C.V."
"R1L3-TOPÉN","1","3",69,61,"PETROBAL, S.A.P.I. DE C.V.;PETROSOUTH PROPERTIES"
"R1L3-TOPÉN","1","3",69,1,"ARMOUR ENERGY LIMITED"
"R1L3-TOPÉN","1","3",69,20,"DESARROLLADORA OLEUM, S.A. DE C.V.;INGENIERÍA CONSTRUCCIONES Y EQUIPOS CONEQUIPOS;INDUSTRIAL CONSULTING;MARAT INTERNATIONAL;CONSTRUCTORA TZAULAN"
"R1L4-HAN1","1","4",82,82,"STATOIL E&P MÉXICO, S.A. DE C.V.;BP EXPLORATION MÉXICO, S.A. DE C.V.;TOTAL, S.A."
"R1L4-HAN2","1","4",,,""
"R1L4-HAN3","1","4",82,82,"STATOIL E&P MÉXICO, S.A. DE C.V.;BP EXPLORATION MÉXICO, S.A. DE C.V.;TOTAL, S.A."
"R1L4-HAN4","1","4",78,78,"SIERRA OIL & GAS, S. DE R.L. DE C.V.;PETRONAS CARIGALI INTERNATIONAL E&P B.V."
"R1L4-HAN4","1","4",78,82,"STATOIL E&P MÉXICO, S.A. DE C.V.;BP EXPLORATION MÉXICO, S.A. DE C.V.;TOTAL, S.A."
"R1L4-HAN5","1","4",49,49,"MURPHY WORLDWIDE, INC.;OPHIR MEXICO HOLDINGS LIMITED;PETRONAS CARIGALI INTERNATIONAL E&P B.V.;SIERRA OIL & GAS, S. DE R.L. DE C.V."
"R1L4-HAN5","1","4",49,2,"ATLANTIC RIM MÉXICO, S. DE R.L. DE C.V.;SHELL EXPLORACIÓN Y EXTRACCIÓN DE MÉXICO, S.A. DE C.V."
"R1L4-HAN5","1","4",49,81,"STATOIL E&P MÉXICO, S.A. DE C.V."
"R1L4-HAN5","1","4",49,29,"ENI INTERNATIONAL B.V.;LUKOIL OVERSEAS NETHERLANDS B.V."
"R1L4-HAN6","1","4",,,""
"R1L4-PERDIDO1","1","4",10,66,"PETRÓLEOS MEXICANOS"
"R1L4-PERDIDO1","1","4",10,10,"CHINA OFFSHORE OIL CORPORATION E&P MÉXICO, S.A.P.I. DE C.V."
"R1L4-PERDIDO2","1","4",30,30,"EXXONMOBIL EXPLORACIÓN Y PRODUCCIÓN MÉXICO, S. DE R.L. DE C.V.;TOTAL, S.A."
"R1L4-PERDIDO3","1","4",9,9,"CHEVRON ENERGÍA DE MÉXICO, S. DE R.L. DE C.V.;INPEX CORPORATION;PETRÓLEOS MEXICANOS"
"R1L4-PERDIDO4","1","4",10,10,"CHINA OFFSHORE OIL CORPORATION E&P MÉXICO, S.A.P.I. DE C.V."
"R2L1-1","2","1",,,""
"R2L1-10","2","1",25,66,"PETRÓLEOS MEXICANOS"
"R2L1-10","2","1",25,53,"NOBLE ENERGY MÉXICO, S. DE R.L. DE C.V.;ECOPETROL GLOBAL ENERGY S.L.;PETRONAS CARIGALI INTERNATIONAL E&P B.V."
"R2L1-10","2","1",25,25,"ENI INTERNATIONAL B.V."
"R2L1-10","2","1",25,17,"DEA DEUTSCHE ERDOEL AG;DIAVAZ OFFSHORE, S.A.P.I. DE C.V."
"R2L1-10","2","1",25,50,"MURPHY WORLDWIDE, INC.;TALOS ENERGY LLC;OPHIR MEXICO HOLDINGS LIMITED"
"R2L1-11","2","1",72,10,"CHINA OFFSHORE OIL CORPORATION E&P MÉXICO, S.A.P.I. DE C.V."
"R2L1-11","2","1",72,72,"REPSOL EXPLORACIÓN MÉXICO, S.A. DE C.V.;SIERRA PEROTE E&P, S. DE R.L. DE C.V."
"R2L1-12","2","1",47,47,"LUKOIL OVERSEAS NETHERLANDS B.V."
"R2L1-13","2","1",,,""
"R2L1-14","2","1",28,28,"ENI INTERNATIONAL B.V.;CITLA ENERGY ONSHORE, S.A.P.I. DE C.V."
"R2L1-15","2","1",92,92,"TOTAL, S.A.;SHELL EXPLORACIÓN Y EXTRACCIÓN DE MÉXICO, S.A. DE C.V."
"R2L1-2","2","1",18,18,"DEA DEUTSCHE ERDOEL AG;PETRÓLEOS MEXICANOS"
"R2L1-2","2","1",18,29,"ENI INTERNATIONAL B.V.;LUKOIL OVERSEAS NETHERLANDS B.V."
"R2L1-3","2","1",,,""
"R2L1-4","2","1",,,""
"R2L1-5","2","1",,,""
"R2L1-6","2","1",63,70,"REPSOL EXPLORACIÓN MÉXICO, S.A. DE C.V."
"R2L1-6","2","1",63,50,"MURPHY WORLDWIDE, INC.;TALOS ENERGY LLC;OPHIR MEXICO HOLDINGS LIMITED"
"R2L1-6","2","1",63,63,"PETRONAS CARIGALI INTERNATIONAL E&P B.V.;ECOPETROL GLOBAL ENERGY S.L."
"R2L1-6","2","1",63,18,"DEA DEUTSCHE ERDOEL AG;PETRÓLEOS MEXICANOS"
"R2L1-7","2","1",26,10,"CHINA OFFSHORE OIL CORPORATION E&P MÉXICO, S.A.P.I. DE C.V."
"R2L1-7","2","1",26,53,"NOBLE ENERGY MÉXICO, S. DE R.L. DE C.V.;ECOPETROL GLOBAL ENERGY S.L.;PETRONAS CARIGALI INTERNATIONAL E&P B.V."
"R2L1-7","2","1",26,71,"REPSOL EXPLORACIÓN MÉXICO, S.A. DE C.V.;PREMIER OIL PLC;SIERRA PEROTE E&P, S. DE R.L. DE C.V."
"R2L1-7","2","1",26,26,"ENI INTERNATIONAL B.V.;CAPRICORN ENERGY LIMITED;CITLA ENERGY ONSHORE, S.A.P.I. DE C.V."
"R2L1-7","2","1",26,18,"DEA DEUTSCHE ERDOEL AG;PETRÓLEOS MEXICANOS"
"R2L1-8","2","1",67,67,"PETRÓLEOS MEXICANOS;ECOPETROL GLOBAL ENERGY S.L."
"R2L1-9","2","1",6,10,"CHINA OFFSHORE OIL CORPORATION E&P MÉXICO, S.A.P.I. DE C.V."
"R2L1-9","2","1",6,9,"CHEVRON ENERGÍA DE MÉXICO, S. DE R.L. DE C.V.;INPEX CORPORATION;PETRÓLEOS MEXICANOS"
"R2L1-9","2","1",6,25,"ENI INTERNATIONAL B.V."
"R2L1-9","2","1",6,6,"CAPRICORN ENERGY LIMITED;CITLA ENERGY ONSHORE, S.A.P.I. DE C.V."
"R2L1-9","2","1",6,17,"DEA DEUTSCHE ERDOEL AG;DIAVAZ OFFSHORE, S.A.P.I. DE C.V."
"R2L1-9","2","1",6,54,"NOBLE ENERGY MÉXICO, S. DE R.L. DE C.V.;TALOS ENERGY LLC"
"R2L2-1","2","2",44,44,"IBEROAMERICANA DE HIDROCARBUROS, S.A. DE C.V.;SERVICIOS PJP4 DE MÉXICO, S.A. DE C.V."
"R2L2-10","2","2",86,59,"PERSEUS EXPLORACIÓN TERRESTRE, S.A. DE C.V."
"R2L2-10","2","2",86,86,"SUN GOD ENERGÍA DE MÉXICO, S.A. DE C.V.;JAGUAR EXPLORACIÓN Y PRODUCCIÓN DE HIDROCARBUROS, S.A.P.I. DE C.V."
"R2L2-11","","",,,""
"R2L2-12","","",,,""
"R2L2-2","2","2",,,""
"R2L2-3","2","2",,,""
"R2L2-4","2","2",86,86,"SUN GOD ENERGÍA DE MÉXICO, S.A. DE C.V.;JAGUAR EXPLORACIÓN Y PRODUCCIÓN DE HIDROCARBUROS, S.A.P.I. DE C.V."
"R2L2-4","2","2",86,43,"IBEROAMERICANA DE HIDROCARBUROS, S.A. DE C.V.;NEWPEK EXPLORACIÓN Y EXTRACCIÓN, S.A. DE C.V.;VERDAD EXPLORATION MEXICO LLC"
"R2L2-5","2","2",86,44,"IBEROAMERICANA DE HIDROCARBUROS, S.A. DE C.V.;SERVICIOS PJP4 DE MÉXICO, S.A. DE C.V."
"R2L2-5","2","2",86,86,"SUN GOD ENERGÍA DE MÉXICO, S.A. DE C.V.;JAGUAR EXPLORACIÓN Y PRODUCCIÓN DE HIDROCARBUROS, S.A.P.I. DE C.V."
"R2L2-6","2","2",,,""
"R2L2-7","2","2",86,86,"SUN GOD ENERGÍA DE MÉXICO, S.A. DE C.V.;JAGUAR EXPLORACIÓN Y PRODUCCIÓN DE HIDROCARBUROS, S.A.P.I. DE C.V."
"R2L2-7","2","2",86,51,"NEWPEK EXPLORACIÓN Y EXTRACCIÓN, S.A. DE C.V.;VERDAD EXPLORATION MEXICO LLC"
"R2L2-7","2","2",86,44,"IBEROAMERICANA DE HIDROCARBUROS, S.A. DE C.V.;SERVICIOS PJP4 DE MÉXICO, S.A. DE C.V."
"R2L2-8","2","2",86,86,"SUN GOD ENERGÍA DE MÉXICO, S.A. DE C.V.;JAGUAR EXPLORACIÓN Y PRODUCCIÓN DE HIDROCARBUROS, S.A.P.I. DE C.V."
"R2L2-9","2","2",86,86,"SUN GOD ENERGÍA DE MÉXICO, S.A. DE C.V.;JAGUAR EXPLORACIÓN Y PRODUCCIÓN DE HIDROCARBUROS, S.A.P.I. DE C.V."
"R2L3-BG-01","2","3",44,44,"IBEROAMERICANA DE HIDROCARBUROS, S.A. DE C.V.;SERVICIOS PJP4 DE MÉXICO, S.A. DE C.V."
"R2L3-BG-01","2","3",44,45,"JAGUAR EXPLORACIÓN Y PRODUCCIÓN DE HIDROCARBUROS, S.A.P.I. DE C.V."
"R2L3-BG-01","2","3",44,77,"SHANDONG KERUI OILFIELD SERVICE GROUP CO., LTD;SICOVAL MX, S.A. DE C.V.;NUEVAS SOLUCIONES ENERGÉTICAS A&P, S.A. DE C.V."
"R2L3-BG-02","2","3",51,51,"NEWPEK EXPLORACIÓN Y EXTRACCIÓN, S.A. DE C.V.;VERDAD EXPLORATION MEXICO LLC"
"R2L3-BG-02","2","3",51,65,"PETROSYNERGY, S.A.;QUÍMICA APOLLO, S.A. DE C.V."
"R2L3-BG-02","2","3",51,42,"IBEROAMERICANA DE HIDROCARBUROS, S.A. DE C.V."
"R2L3-BG-03","2","3",51,65,"PETROSYNERGY, S.A.;QUÍMICA APOLLO, S.A. DE C.V."
"R2L3-BG-03","2","3",51,51,"NEWPEK EXPLORACIÓN Y EXTRACCIÓN, S.A. DE C.V.;VERDAD EXPLORATION MEXICO LLC"
"R2L3-BG-04","2","3",44,44,"IBEROAMERICANA DE HIDROCARBUROS, S.A. DE C.V.;SERVICIOS PJP4 DE MÉXICO, S.A. DE C.V."
"R2L3-CS-01","2","3",45,45,"JAGUAR EXPLORACIÓN Y PRODUCCIÓN DE HIDROCARBUROS, S.A.P.I. DE C.V."
"R2L3-CS-01","2","3",45,68,"PROMOTORA Y OPERADORA DE INFRAESTRUCTURA, S.A.B. DE C.V.;CONSORCIO PETROLERO 5M DEL GOLFO, S.A.P.I. DE C.V."
"R2L3-CS-01","2","3",45,65,"PETROSYNERGY, S.A.;QUÍMICA APOLLO, S.A. DE C.V."
"R2L3-CS-01","2","3",45,51,"NEWPEK EXPLORACIÓN Y EXTRACCIÓN, S.A. DE C.V.;VERDAD EXPLORATION MEXICO LLC"
"R2L3-CS-01","2","3",45,77,"SHANDONG KERUI OILFIELD SERVICE GROUP CO., LTD;SICOVAL MX, S.A. DE C.V.;NUEVAS SOLUCIONES ENERGÉTICAS A&P, S.A. DE C.V."
"R2L3-CS-01","2","3",45,52,"NG OIL AND GAS, S.A.P.I. DE C.V.;AINDA CONSULTORES, S.A. DE C.V.;PETRÓLEOS MADERE, S.A. DE C.V."
"R2L3-CS-01","2","3",45,73,"ROMA EXPLORATION AND PRODUCTION LLC;TUBULAR TECHNOLOGY, S.A. DE C.V.;SUMINISTROS MARINOS E INDUSTRIALES DE MÉXICO, S.A. DE C.V.;GOLFO SUPLEMENTO LATINO, S.A. DE C.V."
"R2L3-CS-01","2","3",45,7,"CARSO OIL AND GAS, S.A. DE C.V."
"R2L3-CS-01","2","3",45,90,"TONALLI ENERGÍA, S.A.P.I. DE C.V."
"R2L3-CS-02","2","3",77,77,"SHANDONG KERUI OILFIELD SERVICE GROUP CO., LTD;SICOVAL MX, S.A. DE C.V.;NUEVAS SOLUCIONES ENERGÉTICAS A&P, S.A. DE C.V."
"R2L3-CS-02","2","3",77,90,"TONALLI ENERGÍA, S.A.P.I. DE C.V."
"R2L3-CS-02","2","3",77,19,"DEP PYG, S.A.P.I. DE C.V."
"R2L3-CS-03","2","3",77,57,"P&S OIL AND GAS, S. DE R.L. DE C.V."
"R2L3-CS-03","2","3",77,39,"GRUPO R EXPLORACIÓN Y PRODUCCIÓN, S.A. DE C.V."
"R2L3-CS-03","2","3",77,90,"TONALLI ENERGÍA, S.A.P.I. DE C.V."
"R2L3-CS-03","2","3",77,77,"SHANDONG KERUI OILFIELD SERVICE GROUP CO., LTD;SICOVAL MX, S.A. DE C.V.;NUEVAS SOLUCIONES ENERGÉTICAS A&P, S.A. DE C.V."
"R2L3-CS-03","2","3",77,73,"ROMA EXPLORATION AND PRODUCTION LLC;TUBULAR TECHNOLOGY, S.A. DE C.V.;SUMINISTROS MARINOS E INDUSTRIALES DE MÉXICO, S.A. DE C.V.;GOLFO SUPLEMENTO LATINO, S.A. DE C.V."
"R2L3-CS-03","2","3",77,24,"ECOPETROL GLOBAL ENERGY S.L."
"R2L3-CS-04","2","3",7,7,"CARSO OIL AND GAS, S.A. DE C.V."
"R2L3-CS-04","2","3",7,77,"SHANDONG KERUI OILFIELD SERVICE GROUP CO., LTD;SICOVAL MX, S.A. DE C.V.;NUEVAS SOLUCIONES ENERGÉTICAS A&P, S.A. DE C.V."
"R2L3-CS-04","2","3",7,90,"TONALLI ENERGÍA, S.A.P.I. DE C.V."
"R2L3-CS-04","2","3",7,19,"DEP PYG, S.A.P.I. DE C.V."
"R2L3-CS-05","2","3",7,7,"CARSO OIL AND GAS, S.A. DE C.V."
"R2L3-CS-05","2","3",7,77,"SHANDONG KERUI OILFIELD SERVICE GROUP CO., LTD;SICOVAL MX, S.A. DE C.V.;NUEVAS SOLUCIONES ENERGÉTICAS A&P, S.A. DE C.V."
"R2L3-CS-05","2","3",7,39,"GRUPO R EXPLORACIÓN Y PRODUCCIÓN, S.A. DE C.V."
"R2L3-CS-06","2","3",45,45,"JAGUAR EXPLORACIÓN Y PRODUCCIÓN DE HIDROCARBUROS, S.A.P.I. DE C.V."
"R2L3-CS-06","2","3",45,51,"NEWPEK EXPLORACIÓN Y EXTRACCIÓN, S.A. DE C.V.;VERDAD EXPLORATION MEXICO LLC"
"R2L3-CS-06","2","3",45,59,"PERSEUS EXPLORACIÓN TERRESTRE, S.A. DE C.V."
"R2L3-TM-01","2","3",45,45,"JAGUAR EXPLORACIÓN Y PRODUCCIÓN DE HIDROCARBUROS, S.A.P.I. DE C.V."
"R2L3-TM-01","2","3",45,19,"DEP PYG, S.A.P.I. DE C.V."
"R2L3-TM-01","2","3",45,52,"NG OIL AND GAS, S.A.P.I. DE C.V.;AINDA CONSULTORES, S.A. DE C.V.;PETRÓLEOS MADERE, S.A. DE C.V."
"R2L3-TM-01","2","3",45,65,"PETROSYNERGY, S.A.;QUÍMICA APOLLO, S.A. DE C.V."
"R2L3-TM-01","2","3",45,73,"ROMA EXPLORATION AND PRODUCTION LLC;TUBULAR TECHNOLOGY, S.A. DE C.V.;SUMINISTROS MARINOS E INDUSTRIALES DE MÉXICO, S.A. DE C.V.;GOLFO SUPLEMENTO LATINO, S.A. DE C.V."
"R2L3-TM-01","2","3",45,60,"PETROBAL, S.A.P.I. DE C.V."
"R2L3-TM-01","2","3",45,77,"SHANDONG KERUI OILFIELD SERVICE GROUP CO., LTD;SICOVAL MX, S.A. DE C.V.;NUEVAS SOLUCIONES ENERGÉTICAS A&P, S.A. DE C.V."
"R2L3-TM-01","2","3",45,39,"GRUPO R EXPLORACIÓN Y PRODUCCIÓN, S.A. DE C.V."
"R2L3-VC-01","2","3",77,7,"CARSO OIL AND GAS, S.A. DE C.V."
"R2L3-VC-01","2","3",77,73,"ROMA EXPLORATION AND PRODUCTION LLC;TUBULAR TECHNOLOGY, S.A. DE C.V.;SUMINISTROS MARINOS E INDUSTRIALES DE MÉXICO, S.A. DE C.V.;GOLFO SUPLEMENTO LATINO, S.A. DE C.V."
"R2L3-VC-01","2","3",77,77,"SHANDONG KERUI OILFIELD SERVICE GROUP CO., LTD;SICOVAL MX, S.A. DE C.V.;NUEVAS SOLUCIONES ENERGÉTICAS A&P, S.A. DE C.V."
"R2L3-VC-02","2","3",45,65,"PETROSYNERGY, S.A.;QUÍMICA APOLLO, S.A. DE C.V."
"R2L3-VC-02","2","3",45,60,"PETROBAL, S.A.P.I. DE C.V."
"R2L3-VC-02","2","3",45,45,"JAGUAR EXPLORACIÓN Y PRODUCCIÓN DE HIDROCARBUROS, S.A.P.I. DE C.V."
"R2L3-VC-03","2","3",45,45,"JAGUAR EXPLORACIÓN Y PRODUCCIÓN DE HIDROCARBUROS, S.A.P.I. DE C.V."
