DATAROOM,EMPRESA,ID_LICITANTE,ID_EMPRESA,LICITACION,NOMBRE_LICITANTE,PRECALIF,RONDA
0,BG GROUP MÉXICO EXPLORATION S.A. DE C.V.,23.0,5.0,1,"BG GROUP MÉXICO EXPLORATION S.A. DE C.V.,GALP ENERGÍA E&P B.V.",1.0,1
0,GALP ENERGÍA E&P B.V.,23.0,58.0,1,"BG GROUP MÉXICO EXPLORATION S.A. DE C.V.,GALP ENERGÍA E&P B.V.",1.0,1
0,GALP ENERGÍA E&P B.V.,23.0,58.0,2,"PETRONAS CARIGALI INTERNATIONAL E&P B.V.,GALP ENERGÍA E&P B.V.",1.0,1
0,DIAVAZ OFFSHORE S.A.P.I. DE C.V.,3.0,39.0,1,"DIAVAZ OFFSHORE S.A.P.I. DE C.V.,WOODSIDE ENERGY MEDITERRANEAN PTY LTD,PLUSPETROL MÉXICO B.V.",1.0,1
0,DIAVAZ OFFSHORE S.A.P.I. DE C.V.,4.0,39.0,1,"DEA DEUTSCHE ERDOEL AG,DIAVAZ OFFSHORE S.A.P.I. DE C.V.",1.0,2
0,WOODSIDE ENERGY MEDITERRANEAN PTY LTD,29.0,169.0,1,"DIAVAZ OFFSHORE S.A.P.I. DE C.V.,WOODSIDE ENERGY MEDITERRANEAN PTY LTD,PLUSPETROL MÉXICO B.V.",1.0,1
0,PLUSPETROL MÉXICO B.V.,26.0,131.0,1,"DIAVAZ OFFSHORE S.A.P.I. DE C.V.,WOODSIDE ENERGY MEDITERRANEAN PTY LTD,PLUSPETROL MÉXICO B.V.",1.0,1
0,MURPHY WORLDWIDE INC.,28.0,92.0,1,"MURPHY WORLDWIDE INC.,PETRONAS CARIGALI INTERNATIONAL E&P B.V.",1.0,1
0,MURPHY WORLDWIDE INC.,29.0,92.0,4,"MURPHY WORLDWIDE INC.,OPHIR MEXICO HOLDINGS LIMITED,PETRONAS CARIGALI INTERNATIONAL E&P B.V.,SIERRA OIL&GAS S. DE R.L. DE C.V.",1.0,1
0,MURPHY WORLDWIDE INC.,27.0,92.0,1,"MURPHY WORLDWIDE INC.,TALOS ENERGY LLC,OPHIR MEXICO HOLDINGS LIMITED",1.0,2
0,PETRONAS CARIGALI INTERNATIONAL E&P B.V.,21.0,115.0,1,"MURPHY WORLDWIDE INC.,PETRONAS CARIGALI INTERNATIONAL E&P B.V.",1.0,1
0,PETRONAS CARIGALI INTERNATIONAL E&P B.V.,79.0,115.0,2,"PETRONAS CARIGALI INTERNATIONAL E&P B.V.,GALP ENERGÍA E&P B.V.",1.0,1
0,PETRONAS CARIGALI INTERNATIONAL E&P B.V.,49.0,115.0,4,"MURPHY WORLDWIDE INC.,OPHIR MEXICO HOLDINGS LIMITED,PETRONAS CARIGALI INTERNATIONAL E&P B.V.,SIERRA OIL&GAS S. DE R.L. DE C.V.",1.0,1
0,PETRONAS CARIGALI INTERNATIONAL E&P B.V.,78.0,115.0,4,"SIERRA OIL&GAS S. DE R.L. DE C.V.,PETRONAS CARIGALI INTERNATIONAL E&P B.V.",1.0,1
0,PETRONAS CARIGALI INTERNATIONAL E&P B.V.,22.0,115.0,1,"NOBLE ENERGY MÉXICO S. DE R.L. DE C.V.,ECOPETROL GLOBAL ENERGY S.L.,PETRONAS CARIGALI INTERNATIONAL E&P B.V.",1.0,2
0,PETRONAS CARIGALI INTERNATIONAL E&P B.V.,79.0,115.0,1,"PETRONAS CARIGALI INTERNATIONAL E&P B.V.,ECOPETROL GLOBAL ENERGY S.L.",1.0,2
0,PETROBAL S.A.P.I. DE C.V.,24.0,122.0,1,"PETROBAL S.A.P.I. DE C.V.,TULLOW MÉXICO B.V.",1.0,1
0,PETROBAL S.A.P.I. DE C.V.,54.0,122.0,2,"FIELDWOOD ENERGY LLC,PETROBAL S.A.P.I. DE C.V.",1.0,1
0,PETROBAL S.A.P.I. DE C.V.,25.0,122.0,3,"PETROBAL S.A.P.I. DE C.V.,PETROSOUTH PROPERTIES",1.0,1
0,TULLOW MÉXICO B.V.,,166.0,1,"PETROBAL S.A.P.I. DE C.V.,TULLOW MÉXICO B.V.",1.0,1
0,BIN ADMINISTRATIVO S.A. DE C.V.,,7.0,3,"BIN ADMINISTRATIVO S.A. DE C.V.,MAX ENERGY HOLDINGS LLC,GALCA ENERGY S.A.",1.0,1
0,MAX ENERGY HOLDINGS LLC,,86.0,3,"BIN ADMINISTRATIVO S.A. DE C.V.,MAX ENERGY HOLDINGS LLC,GALCA ENERGY S.A.",1.0,1
0,GALCA ENERGY S.A.,41.0,49.0,3,"BIN ADMINISTRATIVO S.A. DE C.V.,MAX ENERGY HOLDINGS LLC,GALCA ENERGY S.A.",1.0,1
0,GRUPO R EXPLORACIÓN Y PRODUCCIÓN S.A. DE C.V.,,66.0,3,"GRUPO R EXPLORACIÓN Y PRODUCCIÓN S.A. DE C.V.,CONSTRUCTORA Y ARRENDADORA DE MÉXICO S.A. DE C.V.",1.0,1
0,GRUPO R EXPLORACIÓN Y PRODUCCIÓN S.A. DE C.V.,,66.0,2,"TECPETROL INTERNACIONAL S.L.,GRUPO R EXPLORACIÓN Y PRODUCCIÓN S.A. DE C.V.",1.0,2
0,CONSTRUCTORA Y ARRENDADORA DE MÉXICO S.A. DE C.V.,,32.0,3,"GRUPO R EXPLORACIÓN Y PRODUCCIÓN S.A. DE C.V.,CONSTRUCTORA Y ARRENDADORA DE MÉXICO S.A. DE C.V.",1.0,1
0,OMEGA ENERGY INTERNATIONAL S.A.,47.0,104.0,3,"OMEGA ENERGY INTERNATIONAL S.A.,IEED HOLDING GROUP S.A. DE C.V.,GSEM S.A.P.I. DE C.V.",1.0,1
0,IEED HOLDING GROUP S.A. DE C.V.,,70.0,3,"OMEGA ENERGY INTERNATIONAL S.A.,IEED HOLDING GROUP S.A. DE C.V.,GSEM S.A.P.I. DE C.V.",1.0,1
0,GSEM S.A.P.I. DE C.V.,,56.0,3,"OMEGA ENERGY INTERNATIONAL S.A.,IEED HOLDING GROUP S.A. DE C.V.,GSEM S.A.P.I. DE C.V.",1.0,1
0,OPERADORA PRODUCTORA Y EXPLORADORA MEXICANA S.A. DE C.V.,,106.0,3,"OPERADORA PRODUCTORA Y EXPLORADORA MEXICANA S.A. DE C.V.,PETROSANTANDER LUXEMBOURG HOLDINGS S.A.R.L.",1.0,1
0,PETROSANTANDER LUXEMBOURG HOLDINGS S.A.R.L.,,116.0,3,"OPERADORA PRODUCTORA Y EXPLORADORA MEXICANA S.A. DE C.V.,PETROSANTANDER LUXEMBOURG HOLDINGS S.A.R.L.",1.0,1
0,SERVICIOS ADMINISTRATIVOS SOMER S.A. DE C.V.,48.0,140.0,3,"SERVICIOS ADMINISTRATIVOS SOMER S.A. DE C.V.,MEXPORT EQUIPMENT",1.0,1
0,MEXPORT EQUIPMENT,,87.0,3,"SERVICIOS ADMINISTRATIVOS SOMER S.A. DE C.V.,MEXPORT EQUIPMENT",1.0,1
0,FIELDWOOD ENERGY LLC,31.0,47.0,2,"FIELDWOOD ENERGY LLC,PETROBAL S.A.P.I. DE C.V.",1.0,1
1,FIELDWOOD ENERGY LLC,56.0,47.0,1,"FIELDWOOD ENERGY LLC,PETROBAL UPSTREAM DELTA 1 S.A. DE C.V.",0.0,2
1,PETROBAL UPSTREAM DELTA 1 S.A. DE C.V.,,124.0,1,"FIELDWOOD ENERGY LLC,PETROBAL UPSTREAM DELTA 1 S.A. DE C.V.",0.0,2
0,PREMIER OIL PLC,80.0,132.0,1,"SIERRA OIL&GAS S. DE R.L. DE C.V.,TALOS ENERGY LLC,PREMIER OIL PLC",1.0,1
0,PREMIER OIL PLC,60.0,132.0,1,"PREMIER OIL PLC,SIERRA PEROTE E&P S. DE R.L. DE C.V.",1.0,2
0,PREMIER OIL PLC,71.0,132.0,1,"REPSOL EXPLORACIÓN MÉXICO S.A. DE C.V.,PREMIER OIL PLC,SIERRA PEROTE E&P S. DE R.L. DE C.V.",1.0,2
0,SIERRA PEROTE E&P S. DE R.L. DE C.V.,,141.0,1,"PREMIER OIL PLC,SIERRA PEROTE E&P S. DE R.L. DE C.V.",1.0,2
0,SIERRA PEROTE E&P S. DE R.L. DE C.V.,66.0,141.0,1,"REPSOL EXPLORACIÓN MÉXICO S.A. DE C.V.,PREMIER OIL PLC,SIERRA PEROTE E&P S. DE R.L. DE C.V.",1.0,2
0,SIERRA PEROTE E&P S. DE R.L. DE C.V.,72.0,141.0,1,"REPSOL EXPLORACIÓN MÉXICO S.A. DE C.V.,SIERRA PEROTE E&P S. DE R.L. DE C.V.",1.0,2
0,IBEROAMERICANA DE HIDROCARBUROS S.A. DE C.V.,,74.0,3,"IBEROAMERICANA DE HIDROCARBUROS S.A. DE C.V.,PETRÓLEOS MONTERREY S.A.P.I. DE C.V.,SERVICIOS PJP4 DE MÉXICO S.A. DE C.V.",1.0,2
0,IBEROAMERICANA DE HIDROCARBUROS S.A. DE C.V.,,74.0,2,"IBEROAMERICANA DE HIDROCARBUROS S.A. DE C.V.,PETRÓLEOS MONTERREY S.A.P.I. DE C.V.,SERVICIOS PJP4 DE MÉXICO S.A. DE C.V.",1.0,2
0,PETRÓLEOS MONTERREY S.A.P.I. DE C.V.,,129.0,3,"IBEROAMERICANA DE HIDROCARBUROS S.A. DE C.V.,PETRÓLEOS MONTERREY S.A.P.I. DE C.V.,SERVICIOS PJP4 DE MÉXICO S.A. DE C.V.",1.0,2
0,PETRÓLEOS MONTERREY S.A.P.I. DE C.V.,,129.0,2,"IBEROAMERICANA DE HIDROCARBUROS S.A. DE C.V.,PETRÓLEOS MONTERREY S.A.P.I. DE C.V.,SERVICIOS PJP4 DE MÉXICO S.A. DE C.V.",1.0,2
0,SERVICIOS PJP4 DE MÉXICO S.A. DE C.V.,79.0,145.0,3,"IBEROAMERICANA DE HIDROCARBUROS S.A. DE C.V.,PETRÓLEOS MONTERREY S.A.P.I. DE C.V.,SERVICIOS PJP4 DE MÉXICO S.A. DE C.V.",1.0,2
0,SERVICIOS PJP4 DE MÉXICO S.A. DE C.V.,79.0,145.0,2,"IBEROAMERICANA DE HIDROCARBUROS S.A. DE C.V.,PETRÓLEOS MONTERREY S.A.P.I. DE C.V.,SERVICIOS PJP4 DE MÉXICO S.A. DE C.V.",1.0,2
0,ROMA EXPLORATION AND PRODUCTION LLC,5.0,138.0,3,"ROMA EXPLORATION AND PRODUCTION LLC,TUBULAR TECHNOLOGY S.A. DE C.V.,GX GEOSCIENCE CORPORATION S. DE R.L. DE C.V.,SUMINISTROS MARINOS E INDUSTRIALES DE MÉXICO S.A. DE C.V.,GOLFO SUPLEMENTO LATINO S.A. DE C.V.",1.0,2
0,TUBULAR TECHNOLOGY S.A. DE C.V.,81.0,161.0,3,"TUBULAR TECHNOLOGY S.A. DE C.V.,GX GEOSCIENCE CORPORATION S. DE R.L. DE C.V.,ROMA ENERGY HOLDINGS LLC",1.0,1
0,TUBULAR TECHNOLOGY S.A. DE C.V.,5.0,161.0,3,"ROMA EXPLORATION AND PRODUCTION LLC,TUBULAR TECHNOLOGY S.A. DE C.V.,GX GEOSCIENCE CORPORATION S. DE R.L. DE C.V.,SUMINISTROS MARINOS E INDUSTRIALES DE MÉXICO S.A. DE C.V.,GOLFO SUPLEMENTO LATINO S.A. DE C.V.",1.0,2
0,GX GEOSCIENCE CORPORATION S. DE R.L. DE C.V.,20.0,57.0,3,"TUBULAR TECHNOLOGY S.A. DE C.V.,GX GEOSCIENCE CORPORATION S. DE R.L. DE C.V.,ROMA ENERGY HOLDINGS LLC",1.0,1
0,GX GEOSCIENCE CORPORATION S. DE R.L. DE C.V.,20.0,57.0,3,"ROMA EXPLORATION AND PRODUCTION LLC,TUBULAR TECHNOLOGY S.A. DE C.V.,GX GEOSCIENCE CORPORATION S. DE R.L. DE C.V.,SUMINISTROS MARINOS E INDUSTRIALES DE MÉXICO S.A. DE C.V.,GOLFO SUPLEMENTO LATINO S.A. DE C.V.",1.0,2
0,SUMINISTROS MARINOS E INDUSTRIALES DE MÉXICO S.A. DE C.V.,4.0,155.0,3,"ROMA EXPLORATION AND PRODUCTION LLC,TUBULAR TECHNOLOGY S.A. DE C.V.,GX GEOSCIENCE CORPORATION S. DE R.L. DE C.V.,SUMINISTROS MARINOS E INDUSTRIALES DE MÉXICO S.A. DE C.V.,GOLFO SUPLEMENTO LATINO S.A. DE C.V.",1.0,2
0,GOLFO SUPLEMENTO LATINO S.A. DE C.V.,20.0,63.0,3,"ROMA EXPLORATION AND PRODUCTION LLC,TUBULAR TECHNOLOGY S.A. DE C.V.,GX GEOSCIENCE CORPORATION S. DE R.L. DE C.V.,SUMINISTROS MARINOS E INDUSTRIALES DE MÉXICO S.A. DE C.V.,GOLFO SUPLEMENTO LATINO S.A. DE C.V.",1.0,2
0,TECPETROL INTERNACIONAL S.L.,22.0,163.0,2,"TECPETROL INTERNACIONAL S.L.,GRUPO R EXPLORACIÓN Y PRODUCCIÓN S.A. DE C.V.",1.0,2
0,E&P HIDROCARBUROS Y SERVICIOS S.A. DE C.V.,23.0,40.0,1,"E&P HIDROCARBUROS Y SERVICIOS S.A. DE C.V.,PAN AMERICAN ENERGY LLC",1.0,1
0,E&P HIDROCARBUROS Y SERVICIOS S.A. DE C.V.,23.0,40.0,2,"E&P HIDROCARBUROS Y SERVICIOS S.A. DE C.V.,PAN AMERICAN ENERGY LLC",1.0,1
0,PAN AMERICAN ENERGY LLC,23.0,119.0,1,"E&P HIDROCARBUROS Y SERVICIOS S.A. DE C.V.,PAN AMERICAN ENERGY LLC",1.0,1
0,PAN AMERICAN ENERGY LLC,3.0,119.0,2,"E&P HIDROCARBUROS Y SERVICIOS S.A. DE C.V.,PAN AMERICAN ENERGY LLC",1.0,1
0,ENI INTERNATIONAL B.V.,4.0,45.0,1,"ENI INTERNATIONAL B.V.,CASA EXPLORATION L.P.",1.0,1
0,ENI INTERNATIONAL B.V.,29.0,45.0,4,"ENI INTERNATIONAL B.V.,LUKOIL OVERSEAS NETHERLANDS B.V.",1.0,1
0,ENI INTERNATIONAL B.V.,26.0,45.0,1,"ENI INTERNATIONAL B.V.,CAPRICORN ENERGY LIMITED,CITLA ENERGY ONSHORE S.A.P.I. DE C.V.",1.0,2
0,ENI INTERNATIONAL B.V.,28.0,45.0,1,"ENI INTERNATIONAL B.V.,CITLA ENERGY ONSHORE S.A.P.I. DE C.V.",1.0,2
0,ENI INTERNATIONAL B.V.,29.0,45.0,1,"ENI INTERNATIONAL B.V.,LUKOIL OVERSEAS NETHERLANDS B.V.",1.0,2
0,CASA EXPLORATION L.P.,27.0,12.0,1,"ENI INTERNATIONAL B.V.,CASA EXPLORATION L.P.",1.0,1
0,SIERRA OIL&GAS S. DE R.L. DE C.V.,21.0,150.0,1,"SIERRA OIL&GAS S. DE R.L. DE C.V.,TALOS ENERGY LLC,PREMIER OIL PLC",1.0,1
0,SIERRA OIL&GAS S. DE R.L. DE C.V.,79.0,150.0,2,"SIERRA OIL&GAS S. DE R.L. DE C.V.,TALOS ENERGY LLC,CARSO OIL AND GAS S.A. DE C.V.,CARSO ENERGY S.A. DE C.V.",1.0,1
0,SIERRA OIL&GAS S. DE R.L. DE C.V.,49.0,150.0,4,"MURPHY WORLDWIDE INC.,OPHIR MEXICO HOLDINGS LIMITED,PETRONAS CARIGALI INTERNATIONAL E&P B.V.,SIERRA OIL&GAS S. DE R.L. DE C.V.",1.0,1
0,SIERRA OIL&GAS S. DE R.L. DE C.V.,78.0,150.0,4,"SIERRA OIL&GAS S. DE R.L. DE C.V.,PETRONAS CARIGALI INTERNATIONAL E&P B.V.",1.0,1
0,TALOS ENERGY LLC,22.0,162.0,1,"SIERRA OIL&GAS S. DE R.L. DE C.V.,TALOS ENERGY LLC,PREMIER OIL PLC",1.0,1
0,TALOS ENERGY LLC,79.0,162.0,2,"SIERRA OIL&GAS S. DE R.L. DE C.V.,TALOS ENERGY LLC,CARSO OIL AND GAS S.A. DE C.V.,CARSO ENERGY S.A. DE C.V.",1.0,1
0,TALOS ENERGY LLC,24.0,162.0,1,"MURPHY WORLDWIDE INC.,TALOS ENERGY LLC,OPHIR MEXICO HOLDINGS LIMITED",1.0,2
0,TALOS ENERGY LLC,54.0,162.0,1,"NOBLE ENERGY MÉXICO S. DE R.L. DE C.V.,TALOS ENERGY LLC",1.0,2
0,CARSO OIL AND GAS S.A. DE C.V.,79.0,21.0,2,"SIERRA OIL&GAS S. DE R.L. DE C.V.,TALOS ENERGY LLC,CARSO OIL AND GAS S.A. DE C.V.,CARSO ENERGY S.A. DE C.V.",1.0,1
0,CARSO ENERGY S.A. DE C.V.,79.0,20.0,2,"SIERRA OIL&GAS S. DE R.L. DE C.V.,TALOS ENERGY LLC,CARSO OIL AND GAS S.A. DE C.V.,CARSO ENERGY S.A. DE C.V.",1.0,1
0,CAABSA INFRAESTRUCTURA S.A. DE C.V.,5.0,9.0,3,"CAABSA INFRAESTRUCTURA S.A. DE C.V.,ZENITH SERVICIOS PETROLEROS,OLEODUCTO DEL NORTE DE COLOMBIA",1.0,1
0,ZENITH SERVICIOS PETROLEROS,81.0,170.0,3,"CAABSA INFRAESTRUCTURA S.A. DE C.V.,ZENITH SERVICIOS PETROLEROS,OLEODUCTO DEL NORTE DE COLOMBIA",1.0,1
0,OLEODUCTO DEL NORTE DE COLOMBIA,5.0,103.0,3,"CAABSA INFRAESTRUCTURA S.A. DE C.V.,ZENITH SERVICIOS PETROLEROS,OLEODUCTO DEL NORTE DE COLOMBIA",1.0,1
0,DESARROLLADORA OLEUM S.A. DE C.V.,20.0,37.0,3,"DESARROLLADORA OLEUM S.A. DE C.V.,INGENIERÍA CONSTRUCCIONES Y EQUIPOS CONEQUIPOS,INDUSTRIAL CONSULTING,MARAT INTERNATIONAL,CONSTRUCTORA TZAULAN",1.0,1
0,INGENIERÍA CONSTRUCCIONES Y EQUIPOS CONEQUIPOS,20.0,73.0,3,"DESARROLLADORA OLEUM S.A. DE C.V.,INGENIERÍA CONSTRUCCIONES Y EQUIPOS CONEQUIPOS,INDUSTRIAL CONSULTING,MARAT INTERNATIONAL,CONSTRUCTORA TZAULAN",1.0,1
0,INDUSTRIAL CONSULTING,4.0,72.0,3,"DESARROLLADORA OLEUM S.A. DE C.V.,INGENIERÍA CONSTRUCCIONES Y EQUIPOS CONEQUIPOS,INDUSTRIAL CONSULTING,MARAT INTERNATIONAL,CONSTRUCTORA TZAULAN",1.0,1
0,MARAT INTERNATIONAL,20.0,85.0,3,"DESARROLLADORA OLEUM S.A. DE C.V.,INGENIERÍA CONSTRUCCIONES Y EQUIPOS CONEQUIPOS,INDUSTRIAL CONSULTING,MARAT INTERNATIONAL,CONSTRUCTORA TZAULAN",1.0,1
0,CONSTRUCTORA TZAULAN,10.0,17.0,3,"DESARROLLADORA OLEUM S.A. DE C.V.,INGENIERÍA CONSTRUCCIONES Y EQUIPOS CONEQUIPOS,INDUSTRIAL CONSULTING,MARAT INTERNATIONAL,CONSTRUCTORA TZAULAN",1.0,1
0,GEO ESTRATOS MXOIL EXPLORACIÓN Y PRODUCCIÓN S.A.P.I. DE C.V.,33.0,52.0,3,"GEO ESTRATOS MXOIL EXPLORACIÓN Y PRODUCCIÓN S.A.P.I. DE C.V.,GEO ESTRATOS S.A. DE C.V.",1.0,1
0,GEO ESTRATOS S.A. DE C.V.,15.0,60.0,3,"GEO ESTRATOS MXOIL EXPLORACIÓN Y PRODUCCIÓN S.A.P.I. DE C.V.,GEO ESTRATOS S.A. DE C.V.",1.0,1
0,GEOPARK LIMITED,16.0,62.0,3,"GEOPARK LIMITED,NEWPEK EXPLORACIÓN Y EXTRACCIÓN S.A. DE C.V.",1.0,1
0,NEWPEK EXPLORACIÓN Y EXTRACCIÓN S.A. DE C.V.,21.0,97.0,3,"GEOPARK LIMITED,NEWPEK EXPLORACIÓN Y EXTRACCIÓN S.A. DE C.V.",1.0,1
0,NEWPEK EXPLORACIÓN Y EXTRACCIÓN S.A. DE C.V.,51.0,97.0,3,"NEWPEK EXPLORACIÓN Y EXTRACCIÓN S.A. DE C.V.,VERDAD EXPLORATION MEXICO LLC",1.0,2
0,NEWPEK EXPLORACIÓN Y EXTRACCIÓN S.A. DE C.V.,22.0,97.0,2,"NEWPEK EXPLORACIÓN Y EXTRACCIÓN S.A. DE C.V.,VERDAD EXPLORATION MEXICO LLC",1.0,2
0,GRUPO INDUSTRIAL DE TABASCO S.A. DE C.V.,38.0,65.0,3,"GRUPO INDUSTRIAL DE TABASCO S.A. DE C.V.,SERVICIOS ASOCIADOS S.A.S.",1.0,1
0,SERVICIOS ASOCIADOS S.A.S.,24.0,144.0,3,"GRUPO INDUSTRIAL DE TABASCO S.A. DE C.V.,SERVICIOS ASOCIADOS S.A.S.",1.0,1
0,GRUPO VORDCAB S.A. DE C.V.,25.0,55.0,3,"GRUPO VORDCAB S.A. DE C.V.,OCM VORDCAB S.A. DE C.V.",1.0,1
0,OCM VORDCAB S.A. DE C.V.,40.0,102.0,3,"GRUPO VORDCAB S.A. DE C.V.,OCM VORDCAB S.A. DE C.V.",1.0,1
0,JAGUAR EXPLORACIÓN Y PRODUCCIÓN DE HIDROCARBUROS S.A.P.I. DE C.V.,46.0,78.0,3,"JAGUAR EXPLORACIÓN Y PRODUCCIÓN DE HIDROCARBUROS S.A.P.I. DE C.V.,ENERGÍA AMERICAS II LLC",1.0,1
0,JAGUAR EXPLORACIÓN Y PRODUCCIÓN DE HIDROCARBUROS S.A.P.I. DE C.V.,86.0,78.0,2,"SUN GOD ENERGÍA DE MÉXICO S.A. DE C.V.,JAGUAR EXPLORACIÓN Y PRODUCCIÓN DE HIDROCARBUROS S.A.P.I. DE C.V.",1.0,2
0,ENERGÍA AMERICAS II LLC,41.0,44.0,3,"JAGUAR EXPLORACIÓN Y PRODUCCIÓN DE HIDROCARBUROS S.A.P.I. DE C.V.,ENERGÍA AMERICAS II LLC",1.0,1
0,NUVOIL S.A. DE C.V.,47.0,95.0,3,"NUVOIL S.A. DE C.V.,SISTEMAS INTEGRALES DE COMPRESIÓN S.A. DE C.V.,CONSTRUCTORA MARUSA S.A. DE C.V.",1.0,1
0,SISTEMAS INTEGRALES DE COMPRESIÓN S.A. DE C.V.,56.0,152.0,3,"NUVOIL S.A. DE C.V.,SISTEMAS INTEGRALES DE COMPRESIÓN S.A. DE C.V.,CONSTRUCTORA MARUSA S.A. DE C.V.",1.0,1
0,CONSTRUCTORA MARUSA S.A. DE C.V.,55.0,31.0,3,"NUVOIL S.A. DE C.V.,SISTEMAS INTEGRALES DE COMPRESIÓN S.A. DE C.V.,CONSTRUCTORA MARUSA S.A. DE C.V.",1.0,1
0,PERFOLAT DE MÉXICO S.A. DE C.V.,60.0,111.0,3,"PERFOLAT DE MÉXICO S.A. DE C.V.,CANAMEX DUTCH B.V.,AMERICAN OIL TOOLS S. DE R.L. DE C.V.",1.0,1
0,CANAMEX DUTCH B.V.,66.0,10.0,3,"PERFOLAT DE MÉXICO S.A. DE C.V.,CANAMEX DUTCH B.V.,AMERICAN OIL TOOLS S. DE R.L. DE C.V.",1.0,1
0,AMERICAN OIL TOOLS S. DE R.L. DE C.V.,58.0,2.0,3,"PERFOLAT DE MÉXICO S.A. DE C.V.,CANAMEX DUTCH B.V.,AMERICAN OIL TOOLS S. DE R.L. DE C.V.",1.0,1
0,PETROSOUTH PROPERTIES,61.0,123.0,3,"PETROBAL S.A.P.I. DE C.V.,PETROSOUTH PROPERTIES",1.0,1
0,STEEL SERV S.A. DE C.V.,83.0,142.0,3,"STEEL SERV S.A. DE C.V.,CONSTRUCTORA HOSTOTIPAQUILLO S.A. DE C.V.,DESARROLLO DE TECNOLOGÍA Y SERVICIOS INTEGRALES S.A. DE C.V.,MERCADO DE ARENAS SÍLICAS",1.0,1
0,CONSTRUCTORA HOSTOTIPAQUILLO S.A. DE C.V.,83.0,30.0,3,"STEEL SERV S.A. DE C.V.,CONSTRUCTORA HOSTOTIPAQUILLO S.A. DE C.V.,DESARROLLO DE TECNOLOGÍA Y SERVICIOS INTEGRALES S.A. DE C.V.,MERCADO DE ARENAS SÍLICAS",1.0,1
0,DESARROLLO DE TECNOLOGÍA Y SERVICIOS INTEGRALES S.A. DE C.V.,83.0,38.0,3,"STEEL SERV S.A. DE C.V.,CONSTRUCTORA HOSTOTIPAQUILLO S.A. DE C.V.,DESARROLLO DE TECNOLOGÍA Y SERVICIOS INTEGRALES S.A. DE C.V.,MERCADO DE ARENAS SÍLICAS",1.0,1
0,MERCADO DE ARENAS SÍLICAS,83.0,89.0,3,"STEEL SERV S.A. DE C.V.,CONSTRUCTORA HOSTOTIPAQUILLO S.A. DE C.V.,DESARROLLO DE TECNOLOGÍA Y SERVICIOS INTEGRALES S.A. DE C.V.,MERCADO DE ARENAS SÍLICAS",1.0,1
0,TORENCO ENERGY INC.,7.0,164.0,3,"TORENCO ENERGY INC.,PETRODATA SERVICES S.A. DE C.V.",1.0,1
0,PETRODATA SERVICES S.A. DE C.V.,91.0,113.0,3,"TORENCO ENERGY INC.,PETRODATA SERVICES S.A. DE C.V.",1.0,1
0,ROMA ENERGY HOLDINGS LLC,93.0,136.0,3,"TUBULAR TECHNOLOGY S.A. DE C.V.,GX GEOSCIENCE CORPORATION S. DE R.L. DE C.V.,ROMA ENERGY HOLDINGS LLC",1.0,1
0,ATLANTIC RIM MÉXICO S. DE R.L. DE C.V.,2.0,4.0,4,"ATLANTIC RIM MÉXICO S. DE R.L. DE C.V.,SHELL EXPLORACIÓN Y EXTRACCIÓN DE MÉXICO S.A. DE C.V.",1.0,1
0,SHELL EXPLORACIÓN Y EXTRACCIÓN DE MÉXICO S.A. DE C.V.,2.0,148.0,4,"ATLANTIC RIM MÉXICO S. DE R.L. DE C.V.,SHELL EXPLORACIÓN Y EXTRACCIÓN DE MÉXICO S.A. DE C.V.",1.0,1
0,SHELL EXPLORACIÓN Y EXTRACCIÓN DE MÉXICO S.A. DE C.V.,92.0,148.0,1,"TOTAL S.A.,SHELL EXPLORACIÓN Y EXTRACCIÓN DE MÉXICO S.A. DE C.V.",1.0,2
0,CHEVRON ENERGÍA DE MÉXICO S. DE R.L. DE C.V.,9.0,22.0,4,"CHEVRON ENERGÍA DE MÉXICO S. DE R.L. DE C.V.,INPEX CORPORATION,PETRÓLEOS MEXICANOS",1.0,1
0,CHEVRON ENERGÍA DE MÉXICO S. DE R.L. DE C.V.,9.0,22.0,1,"CHEVRON ENERGÍA DE MÉXICO S. DE R.L. DE C.V.,INPEX CORPORATION,PETRÓLEOS MEXICANOS",1.0,2
0,INPEX CORPORATION,9.0,75.0,4,"CHEVRON ENERGÍA DE MÉXICO S. DE R.L. DE C.V.,INPEX CORPORATION,PETRÓLEOS MEXICANOS",1.0,1
0,INPEX CORPORATION,9.0,75.0,1,"CHEVRON ENERGÍA DE MÉXICO S. DE R.L. DE C.V.,INPEX CORPORATION,PETRÓLEOS MEXICANOS",1.0,2
0,PETRÓLEOS MEXICANOS,7.0,128.0,4,"CHEVRON ENERGÍA DE MÉXICO S. DE R.L. DE C.V.,INPEX CORPORATION,PETRÓLEOS MEXICANOS",1.0,1
0,PETRÓLEOS MEXICANOS,8.0,128.0,1,"CHEVRON ENERGÍA DE MÉXICO S. DE R.L. DE C.V.,INPEX CORPORATION,PETRÓLEOS MEXICANOS",1.0,2
0,PETRÓLEOS MEXICANOS,18.0,128.0,1,"DEA DEUTSCHE ERDOEL AG,PETRÓLEOS MEXICANOS",1.0,2
0,PETRÓLEOS MEXICANOS,11.0,128.0,1,"PETRÓLEOS MEXICANOS,ECOPETROL GLOBAL ENERGY S.L.",1.0,2
0,LUKOIL OVERSEAS NETHERLANDS B.V.,29.0,83.0,4,"ENI INTERNATIONAL B.V.,LUKOIL OVERSEAS NETHERLANDS B.V.",1.0,1
0,LUKOIL OVERSEAS NETHERLANDS B.V.,29.0,83.0,1,"ENI INTERNATIONAL B.V.,LUKOIL OVERSEAS NETHERLANDS B.V.",1.0,2
0,EXXONMOBIL EXPLORACIÓN Y PRODUCCIÓN MÉXICO S. DE R.L. DE C.V.,30.0,46.0,4,"EXXONMOBIL EXPLORACIÓN Y PRODUCCIÓN MÉXICO S. DE R.L. DE C.V.,TOTAL S.A.",1.0,1
0,TOTAL S.A.,30.0,165.0,4,"EXXONMOBIL EXPLORACIÓN Y PRODUCCIÓN MÉXICO S. DE R.L. DE C.V.,TOTAL S.A.",1.0,1
0,TOTAL S.A.,82.0,165.0,4,"STATOIL E&P MÉXICO S.A. DE C.V.,BP EXPLORATION MÉXICO S.A. DE C.V.,TOTAL S.A.",1.0,1
0,TOTAL S.A.,92.0,165.0,1,"TOTAL S.A.,SHELL EXPLORACIÓN Y EXTRACCIÓN DE MÉXICO S.A. DE C.V.",1.0,2
0,OPHIR MEXICO HOLDINGS LIMITED,22.0,107.0,4,"MURPHY WORLDWIDE INC.,OPHIR MEXICO HOLDINGS LIMITED,PETRONAS CARIGALI INTERNATIONAL E&P B.V.,SIERRA OIL&GAS S. DE R.L. DE C.V.",1.0,1
0,OPHIR MEXICO HOLDINGS LIMITED,50.0,107.0,1,"MURPHY WORLDWIDE INC.,TALOS ENERGY LLC,OPHIR MEXICO HOLDINGS LIMITED",1.0,2
0,STATOIL E&P MÉXICO S.A. DE C.V.,82.0,153.0,4,"STATOIL E&P MÉXICO S.A. DE C.V.,BP EXPLORATION MÉXICO S.A. DE C.V.,TOTAL S.A.",1.0,1
0,BP EXPLORATION MÉXICO S.A. DE C.V.,42.0,8.0,4,"STATOIL E&P MÉXICO S.A. DE C.V.,BP EXPLORATION MÉXICO S.A. DE C.V.,TOTAL S.A.",1.0,1
0,CAPRICORN ENERGY LIMITED,45.0,11.0,1,"CAPRICORN ENERGY LIMITED,CITLA ENERGY ONSHORE S.A.P.I. DE C.V.",1.0,2
0,CAPRICORN ENERGY LIMITED,26.0,11.0,1,"ENI INTERNATIONAL B.V.,CAPRICORN ENERGY LIMITED,CITLA ENERGY ONSHORE S.A.P.I. DE C.V.",1.0,2
0,CITLA ENERGY ONSHORE S.A.P.I. DE C.V.,6.0,24.0,1,"CAPRICORN ENERGY LIMITED,CITLA ENERGY ONSHORE S.A.P.I. DE C.V.",1.0,2
0,CITLA ENERGY ONSHORE S.A.P.I. DE C.V.,26.0,24.0,1,"ENI INTERNATIONAL B.V.,CAPRICORN ENERGY LIMITED,CITLA ENERGY ONSHORE S.A.P.I. DE C.V.",1.0,2
0,CITLA ENERGY ONSHORE S.A.P.I. DE C.V.,28.0,24.0,1,"ENI INTERNATIONAL B.V.,CITLA ENERGY ONSHORE S.A.P.I. DE C.V.",1.0,2
0,DEA DEUTSCHE ERDOEL AG,17.0,35.0,1,"DEA DEUTSCHE ERDOEL AG,DIAVAZ OFFSHORE S.A.P.I. DE C.V.",1.0,2
0,DEA DEUTSCHE ERDOEL AG,18.0,35.0,1,"DEA DEUTSCHE ERDOEL AG,PETRÓLEOS MEXICANOS",1.0,2
0,NOBLE ENERGY MÉXICO S. DE R.L. DE C.V.,54.0,99.0,1,"NOBLE ENERGY MÉXICO S. DE R.L. DE C.V.,TALOS ENERGY LLC",1.0,2
0,NOBLE ENERGY MÉXICO S. DE R.L. DE C.V.,90.0,99.0,1,"NOBLE ENERGY MÉXICO S. DE R.L. DE C.V.,ECOPETROL GLOBAL ENERGY S.L.,PETRONAS CARIGALI INTERNATIONAL E&P B.V.",1.0,2
0,ECOPETROL GLOBAL ENERGY S.L.,10.0,41.0,1,"NOBLE ENERGY MÉXICO S. DE R.L. DE C.V.,ECOPETROL GLOBAL ENERGY S.L.,PETRONAS CARIGALI INTERNATIONAL E&P B.V.",1.0,2
0,ECOPETROL GLOBAL ENERGY S.L.,63.0,41.0,1,"PETRONAS CARIGALI INTERNATIONAL E&P B.V.,ECOPETROL GLOBAL ENERGY S.L.",1.0,2
0,ECOPETROL GLOBAL ENERGY S.L.,25.0,41.0,1,"PETRÓLEOS MEXICANOS,ECOPETROL GLOBAL ENERGY S.L.",1.0,2
0,REPSOL EXPLORACIÓN MÉXICO S.A. DE C.V.,71.0,137.0,1,"REPSOL EXPLORACIÓN MÉXICO S.A. DE C.V.,PREMIER OIL PLC,SIERRA PEROTE E&P S. DE R.L. DE C.V.",1.0,2
0,REPSOL EXPLORACIÓN MÉXICO S.A. DE C.V.,81.0,137.0,1,"REPSOL EXPLORACIÓN MÉXICO S.A. DE C.V.,SIERRA PEROTE E&P S. DE R.L. DE C.V.",1.0,2
0,VERDAD EXPLORATION MEXICO LLC,51.0,167.0,3,"NEWPEK EXPLORACIÓN Y EXTRACCIÓN S.A. DE C.V.,VERDAD EXPLORATION MEXICO LLC",1.0,2
0,VERDAD EXPLORATION MEXICO LLC,66.0,167.0,2,"NEWPEK EXPLORACIÓN Y EXTRACCIÓN S.A. DE C.V.,VERDAD EXPLORATION MEXICO LLC",1.0,2
0,NG OIL AND GAS S.A.P.I. DE C.V.,52.0,94.0,3,"NG OIL AND GAS S.A.P.I. DE C.V.,AINDA CONSULTORES S.A. DE C.V.,PETRÓLEOS MADERE S.A. DE C.V.",1.0,2
0,AINDA CONSULTORES S.A. DE C.V.,70.0,1.0,3,"NG OIL AND GAS S.A.P.I. DE C.V.,AINDA CONSULTORES S.A. DE C.V.,PETRÓLEOS MADERE S.A. DE C.V.",1.0,2
0,PETRÓLEOS MADERE S.A. DE C.V.,52.0,127.0,3,"NG OIL AND GAS S.A.P.I. DE C.V.,AINDA CONSULTORES S.A. DE C.V.,PETRÓLEOS MADERE S.A. DE C.V.",1.0,2
0,PETROSYNERGY S.A.,65.0,125.0,3,"PETROSYNERGY S.A.,QUÍMICA APOLLO S.A. DE C.V.",1.0,2
0,QUÍMICA APOLLO S.A. DE C.V.,81.0,134.0,3,"PETROSYNERGY S.A.,QUÍMICA APOLLO S.A. DE C.V.",1.0,2
0,PROMOTORA Y OPERADORA DE INFRAESTRUCTURA S.A.B. DE C.V.,68.0,133.0,3,"PROMOTORA Y OPERADORA DE INFRAESTRUCTURA S.A.B. DE C.V.,CONSORCIO PETROLERO 5M DEL GOLFO S.A.P.I. DE C.V.",1.0,2
0,CONSORCIO PETROLERO 5M DEL GOLFO S.A.P.I. DE C.V.,68.0,29.0,3,"PROMOTORA Y OPERADORA DE INFRAESTRUCTURA S.A.B. DE C.V.,CONSORCIO PETROLERO 5M DEL GOLFO S.A.P.I. DE C.V.",1.0,2
0,SHANDONG KERUI OILFIELD SERVICE GROUP CO. LTD,24.0,147.0,3,"SHANDONG KERUI OILFIELD SERVICE GROUP CO. LTD,SICOVAL MX S.A. DE C.V.,NUEVAS SOLUCIONES ENERGÉTICAS A&P S.A. DE C.V.",1.0,2
0,SICOVAL MX S.A. DE C.V.,77.0,149.0,3,"SHANDONG KERUI OILFIELD SERVICE GROUP CO. LTD,SICOVAL MX S.A. DE C.V.,NUEVAS SOLUCIONES ENERGÉTICAS A&P S.A. DE C.V.",1.0,2
0,NUEVAS SOLUCIONES ENERGÉTICAS A&P S.A. DE C.V.,25.0,101.0,3,"SHANDONG KERUI OILFIELD SERVICE GROUP CO. LTD,SICOVAL MX S.A. DE C.V.,NUEVAS SOLUCIONES ENERGÉTICAS A&P S.A. DE C.V.",1.0,2
0,SUN GOD ENERGÍA DE MÉXICO S.A. DE C.V.,56.0,156.0,2,"SUN GOD ENERGÍA DE MÉXICO S.A. DE C.V.,JAGUAR EXPLORACIÓN Y PRODUCCIÓN DE HIDROCARBUROS S.A.P.I. DE C.V.",1.0,2
1,BHP BILLITON PETRÓLEO OPERACIONES DE MÉXICO S. DE R.L. DE C.V.,3.0,6.0,1,BHP BILLITON PETRÓLEO OPERACIONES DE MÉXICO S. DE R.L. DE C.V.,1.0,1
1,BP EXPLORATION MÉXICO S.A. DE C.V.,4.0,8.0,1,BP EXPLORATION MÉXICO S.A. DE C.V.,0.0,1
1,DIAVAZ OFFSHORE S.A.P.I. DE C.V.,21.0,39.0,1,DIAVAZ OFFSHORE S.A.P.I. DE C.V.,1.0,1
1,E&P HIDROCARBUROS Y SERVICIOS S.A. DE C.V.,22.0,40.0,1,E&P HIDROCARBUROS Y SERVICIOS S.A. DE C.V.,1.0,1
1,ECOPETROL GLOBAL ENERGY S.L.,24.0,41.0,1,ECOPETROL GLOBAL ENERGY S.L.,0.0,1
1,ENI INTERNATIONAL B.V.,25.0,45.0,1,ENI INTERNATIONAL B.V.,1.0,1
1,HUNT OVERSEAS OIL COMPANY,41.0,69.0,1,HUNT OVERSEAS OIL COMPANY,1.0,1
1,LUKOIL OVERSEAS NETHERLANDS B.V.,47.0,83.0,1,LUKOIL OVERSEAS NETHERLANDS B.V.,1.0,1
1,MURPHY WORLDWIDE INC.,48.0,92.0,1,MURPHY WORLDWIDE INC.,1.0,1
1,ONGC VIDESH LIMITED,56.0,105.0,1,ONGC VIDESH LIMITED,1.0,1
1,PETROBAL S.A.P.I. DE C.V.,60.0,122.0,1,PETROBAL S.A.P.I. DE C.V.,1.0,1
1,PETRÓLEOS MEXICANOS,66.0,128.0,1,PETRÓLEOS MEXICANOS,1.0,1
1,STATOIL E&P MÉXICO S.A. DE C.V.,81.0,153.0,1,STATOIL E&P MÉXICO S.A. DE C.V.,1.0,1
1,BP EXPLORATION MÉXICO S.A. DE C.V.,4.0,8.0,2,BP EXPLORATION MÉXICO S.A. DE C.V.,0.0,1
1,CHINA OFFSHORE OIL CORPORATION E&P MÉXICO S.A.P.I. DE C.V.,10.0,23.0,2,CHINA OFFSHORE OIL CORPORATION E&P MÉXICO S.A.P.I. DE C.V.,1.0,1
1,CONTROLADORA DE INFRAESTRUCTURA PETROLERA MÉXICO S.A. DE C.V.,15.0,33.0,2,CONTROLADORA DE INFRAESTRUCTURA PETROLERA MÉXICO S.A. DE C.V.,0.0,1
1,DEA DEUTSCHE ERDOEL AG,16.0,35.0,2,DEA DEUTSCHE ERDOEL AG,1.0,1
1,DIAVAZ OFFSHORE S.A.P.I. DE C.V.,21.0,39.0,2,DIAVAZ OFFSHORE S.A.P.I. DE C.V.,0.0,1
1,E&P HIDROCARBUROS Y SERVICIOS S.A. DE C.V.,22.0,40.0,2,E&P HIDROCARBUROS Y SERVICIOS S.A. DE C.V.,1.0,1
1,ECOPETROL GLOBAL ENERGY S.L.,24.0,41.0,2,ECOPETROL GLOBAL ENERGY S.L.,0.0,1
1,ENI INTERNATIONAL B.V.,25.0,45.0,2,ENI INTERNATIONAL B.V.,1.0,1
1,HUNT OVERSEAS OIL COMPANY,41.0,69.0,2,HUNT OVERSEAS OIL COMPANY,0.0,1
1,LUKOIL OVERSEAS NETHERLANDS B.V.,47.0,83.0,2,LUKOIL OVERSEAS NETHERLANDS B.V.,1.0,1
1,ONGC VIDESH LIMITED,56.0,105.0,2,ONGC VIDESH LIMITED,1.0,1
1,PETROBAL S.A.P.I. DE C.V.,60.0,122.0,2,PETROBAL S.A.P.I. DE C.V.,1.0,1
1,PETRÓLEOS MEXICANOS,66.0,128.0,2,PETRÓLEOS MEXICANOS,0.0,1
0,CARSO OIL AND GAS S.A. DE C.V.,7.0,21.0,2,CARSO OIL AND GAS S.A. DE C.V.,1.0,1
1,STATOIL E&P MÉXICO S.A. DE C.V.,81.0,153.0,2,STATOIL E&P MÉXICO S.A. DE C.V.,1.0,1
1,ARMOUR ENERGY LIMITED,1.0,3.0,3,ARMOUR ENERGY LIMITED,1.0,1
1,CARSO OIL AND GAS S.A. DE C.V.,7.0,21.0,3,CARSO OIL AND GAS S.A. DE C.V.,1.0,1
1,CHEIRON HOLDINGS LIMITED,8.0,13.0,3,CHEIRON HOLDINGS LIMITED,1.0,1
1,CITLA ENERGY ONSHORE S.A.P.I. DE C.V.,11.0,24.0,3,CITLA ENERGY ONSHORE S.A.P.I. DE C.V.,1.0,1
1,CHINA OFFSHORE OIL CORPORATION E&P MÉXICO S.A.P.I. DE C.V.,10.0,23.0,3,CHINA OFFSHORE OIL CORPORATION E&P MÉXICO S.A.P.I. DE C.V.,0.0,1
1,CONSORCIO MANUFACTURERO MEXICANO S.A. DE C.V.,13.0,28.0,3,CONSORCIO MANUFACTURERO MEXICANO S.A. DE C.V.,1.0,1
1,CONSTRUCCIONES Y SERVICIOS INDUSTRIALES GLOBALES S.A. DE C.V.,14.0,16.0,3,CONSTRUCCIONES Y SERVICIOS INDUSTRIALES GLOBALES S.A. DE C.V.,1.0,1
1,CONTROLADORA DE INFRAESTRUCTURA PETROLERA MÉXICO S.A. DE C.V.,15.0,33.0,3,CONTROLADORA DE INFRAESTRUCTURA PETROLERA MÉXICO S.A. DE C.V.,1.0,1
1,DIAVAZ OFFSHORE S.A.P.I. DE C.V.,21.0,39.0,3,DIAVAZ OFFSHORE S.A.P.I. DE C.V.,1.0,1
1,E&P HIDROCARBUROS Y SERVICIOS S.A. DE C.V.,22.0,40.0,3,E&P HIDROCARBUROS Y SERVICIOS S.A. DE C.V.,0.0,1
1,GENERADORA Y ABASTECEDORA DE ENERGÍA DE MÉXICO S.A. DE C.V.,32.0,59.0,3,GENERADORA Y ABASTECEDORA DE ENERGÍA DE MÉXICO S.A. DE C.V.,1.0,1
1,GPA ENERGY S.A. DE C.V.,35.0,53.0,3,GPA ENERGY S.A. DE C.V.,1.0,1
1,GRAN TIERRA ENERGY INC.,36.0,64.0,3,GRAN TIERRA ENERGY INC.,1.0,1
1,GRUPO DIARQCO S.A. DE C.V.,37.0,54.0,3,GRUPO DIARQCO S.A. DE C.V.,1.0,1
1,GRUPO R EXPLORACIÓN Y PRODUCCIÓN S.A. DE C.V.,39.0,66.0,3,GRUPO R EXPLORACIÓN Y PRODUCCIÓN S.A. DE C.V.,1.0,1
1,IBEROAMERICANA DE HIDROCARBUROS S.A. DE C.V.,42.0,74.0,3,IBEROAMERICANA DE HIDROCARBUROS S.A. DE C.V.,1.0,1
1,JAGUAR EXPLORACIÓN Y PRODUCCIÓN DE HIDROCARBUROS S.A.P.I. DE C.V.,45.0,78.0,3,JAGUAR EXPLORACIÓN Y PRODUCCIÓN DE HIDROCARBUROS S.A.P.I. DE C.V.,1.0,1
1,PETROBAL S.A.P.I. DE C.V.,60.0,122.0,3,PETROBAL S.A.P.I. DE C.V.,1.0,1
1,PETROLEUM INCREMENTAL INC S. DE R.L. DE C.V.,62.0,114.0,3,PETROLEUM INCREMENTAL INC S. DE R.L. DE C.V.,1.0,1
1,RENAISSANCE OIL CORP. S.A. DE C.V.,69.0,135.0,3,RENAISSANCE OIL CORP. S.A. DE C.V.,1.0,1
1,SÁNCHEZ-OLIUM S. DE R.L. DE C.V.,87.0,158.0,3,SÁNCHEZ-OLIUM S. DE R.L. DE C.V.,1.0,1
1,SARREAL S.A. DE C.V.,74.0,139.0,3,SARREAL S.A. DE C.V.,1.0,1
1,SERVICIOS DE EXTRACCIÓN PETROLERA LIFTING DE MÉXICO S.A. DE C.V.,75.0,146.0,3,SERVICIOS DE EXTRACCIÓN PETROLERA LIFTING DE MÉXICO S.A. DE C.V.,1.0,1
1,SERVICIOS PJP4 DE MÉXICO S.A. DE C.V.,76.0,145.0,3,SERVICIOS PJP4 DE MÉXICO S.A. DE C.V.,1.0,1
1,STATOIL E&P MÉXICO S.A. DE C.V.,81.0,153.0,3,STATOIL E&P MÉXICO S.A. DE C.V.,0.0,1
1,STRATA CAMPOS MADUROS S.A.P.I. DE C.V.,84.0,154.0,3,STRATA CAMPOS MADUROS S.A.P.I. DE C.V.,1.0,1
1,SUN GOD ENERGÍA DE MÉXICO S.A. DE C.V.,85.0,156.0,3,SUN GOD ENERGÍA DE MÉXICO S.A. DE C.V.,1.0,1
1,T5 ENERMUSA S.A.P.I. DE C.V.,88.0,159.0,3,T5 ENERMUSA S.A.P.I. DE C.V.,1.0,1
1,TECPETROL INTERNACIONAL S.L.,89.0,163.0,3,TECPETROL INTERNACIONAL S.L.,1.0,1
0,COMPAÑÍA PETROLERA PERSEUS S.A. DE C.V.,12.0,15.0,3,COMPAÑÍA PETROLERA PERSEUS S.A. DE C.V.,1.0,1
0,TONALLI ENERGÍA S.A.P.I. DE C.V.,90.0,160.0,3,TONALLI ENERGÍA S.A.P.I. DE C.V.,1.0,1
1,BHP BILLITON PETRÓLEO OPERACIONES DE MÉXICO S. DE R.L. DE C.V.,3.0,6.0,4,BHP BILLITON PETRÓLEO OPERACIONES DE MÉXICO S. DE R.L. DE C.V.,1.0,1
1,BP EXPLORATION MÉXICO S.A. DE C.V.,4.0,8.0,4,BP EXPLORATION MÉXICO S.A. DE C.V.,1.0,1
1,CHINA OFFSHORE OIL CORPORATION E&P MÉXICO S.A.P.I. DE C.V.,10.0,23.0,4,CHINA OFFSHORE OIL CORPORATION E&P MÉXICO S.A.P.I. DE C.V.,1.0,1
1,ENI INTERNATIONAL B.V.,25.0,45.0,4,ENI INTERNATIONAL B.V.,1.0,1
0,LUKOIL OVERSEAS NETHERLANDS B.V.,47.0,83.0,4,LUKOIL OVERSEAS NETHERLANDS B.V.,1.0,1
1,MURPHY WORLDWIDE INC.,48.0,92.0,4,MURPHY WORLDWIDE INC.,1.0,1
0,ONGC VIDESH LIMITED,56.0,105.0,4,ONGC VIDESH LIMITED,1.0,1
1,PETRÓLEOS MEXICANOS,66.0,128.0,4,PETRÓLEOS MEXICANOS,1.0,1
1,REPSOL EXPLORACIÓN MÉXICO S.A. DE C.V.,70.0,137.0,4,REPSOL EXPLORACIÓN MÉXICO S.A. DE C.V.,1.0,1
1,STATOIL E&P MÉXICO S.A. DE C.V.,81.0,153.0,4,STATOIL E&P MÉXICO S.A. DE C.V.,1.0,1
1,BHP BILLITON PETRÓLEO OPERACIONES DE MÉXICO S. DE R.L. DE C.V.,3.0,6.0,TRION,BHP BILLITON PETRÓLEO OPERACIONES DE MÉXICO S. DE R.L. DE C.V.,1.0,ASOCIACION
1,BP EXPLORATION MÉXICO S.A. DE C.V.,4.0,8.0,TRION,BP EXPLORATION MÉXICO S.A. DE C.V.,1.0,ASOCIACION
1,LUKOIL OVERSEAS NETHERLANDS B.V.,47.0,83.0,TRION,LUKOIL OVERSEAS NETHERLANDS B.V.,1.0,ASOCIACION
1,BP EXPLORATION MÉXICO S.A. DE C.V.,4.0,8.0,1,BP EXPLORATION MÉXICO S.A. DE C.V.,0.0,2
1,CITLA ENERGY ONSHORE S.A.P.I. DE C.V.,11.0,24.0,1,CITLA ENERGY ONSHORE S.A.P.I. DE C.V.,1.0,2
1,DEA DEUTSCHE ERDOEL AG,16.0,35.0,1,DEA DEUTSCHE ERDOEL AG,1.0,2
1,HUNT OVERSEAS OIL COMPANY,41.0,69.0,1,HUNT OVERSEAS OIL COMPANY,1.0,2
1,MURPHY WORLDWIDE INC.,48.0,92.0,1,MURPHY WORLDWIDE INC.,1.0,2
1,PETRÓLEOS MEXICANOS,66.0,128.0,1,PETRÓLEOS MEXICANOS,1.0,2
1,REPSOL EXPLORACIÓN MÉXICO S.A. DE C.V.,70.0,137.0,1,REPSOL EXPLORACIÓN MÉXICO S.A. DE C.V.,1.0,2
1,STATOIL E&P MÉXICO S.A. DE C.V.,81.0,153.0,1,STATOIL E&P MÉXICO S.A. DE C.V.,0.0,2
1,ECOPETROL GLOBAL ENERGY S.L.,24.0,41.0,1,ECOPETROL GLOBAL ENERGY S.L.,1.0,2
1,ENI INTERNATIONAL B.V.,25.0,45.0,1,ENI INTERNATIONAL B.V.,1.0,2
1,TECPETROL INTERNACIONAL S.L.,89.0,163.0,2,TECPETROL INTERNACIONAL S.L.,1.0,2
1,GRAN TIERRA ENERGY INC.,36.0,64.0,2,GRAN TIERRA ENERGY INC.,1.0,2
1,LUKOIL OVERSEAS NETHERLANDS B.V.,47.0,83.0,1,LUKOIL OVERSEAS NETHERLANDS B.V.,1.0,2
1,ONGC VIDESH LIMITED,56.0,105.0,1,ONGC VIDESH LIMITED,1.0,2
1,GRAN TIERRA ENERGY INC.,36.0,64.0,3,GRAN TIERRA ENERGY INC.,1.0,2
1,IBEROAMERICANA DE HIDROCARBUROS S.A. DE C.V.,42.0,74.0,2,IBEROAMERICANA DE HIDROCARBUROS S.A. DE C.V.,1.0,2
1,JAGUAR EXPLORACIÓN Y PRODUCCIÓN DE HIDROCARBUROS S.A.P.I. DE C.V.,45.0,78.0,2,JAGUAR EXPLORACIÓN Y PRODUCCIÓN DE HIDROCARBUROS S.A.P.I. DE C.V.,1.0,2
1,ECOPETROL GLOBAL ENERGY S.L.,24.0,41.0,2,ECOPETROL GLOBAL ENERGY S.L.,1.0,2
1,CARSO OIL AND GAS S.A. DE C.V.,7.0,21.0,3,CARSO OIL AND GAS S.A. DE C.V.,1.0,2
1,ECOPETROL GLOBAL ENERGY S.L.,24.0,41.0,3,ECOPETROL GLOBAL ENERGY S.L.,1.0,2
1,GRUPO R EXPLORACIÓN Y PRODUCCIÓN S.A. DE C.V.,39.0,66.0,3,GRUPO R EXPLORACIÓN Y PRODUCCIÓN S.A. DE C.V.,1.0,2
1,IBEROAMERICANA DE HIDROCARBUROS S.A. DE C.V.,42.0,74.0,3,IBEROAMERICANA DE HIDROCARBUROS S.A. DE C.V.,1.0,2
1,JAGUAR EXPLORACIÓN Y PRODUCCIÓN DE HIDROCARBUROS S.A.P.I. DE C.V.,45.0,78.0,3,JAGUAR EXPLORACIÓN Y PRODUCCIÓN DE HIDROCARBUROS S.A.P.I. DE C.V.,1.0,2
1,P&S OIL AND GAS S. DE R.L. DE C.V.,57.0,109.0,3,P&S OIL AND GAS S. DE R.L. DE C.V.,1.0,2
1,TONALLI ENERGÍA S.A.P.I. DE C.V.,90.0,160.0,3,TONALLI ENERGÍA S.A.P.I. DE C.V.,1.0,2
1,PETROBAL S.A.P.I. DE C.V.,60.0,122.0,1,PETROBAL S.A.P.I. DE C.V.,0.0,2
1,CHINA OFFSHORE OIL CORPORATION E&P MÉXICO S.A.P.I. DE C.V.,10.0,23.0,1,CHINA OFFSHORE OIL CORPORATION E&P MÉXICO S.A.P.I. DE C.V.,1.0,2
1,CONSTRUCCIONES Y SERVICIOS INDUSTRIALES GLOBALES S.A. DE C.V.,14.0,16.0,3,CONSTRUCCIONES Y SERVICIOS INDUSTRIALES GLOBALES S.A. DE C.V.,0.0,2
1,PETROBAL S.A.P.I. DE C.V.,60.0,122.0,3,PETROBAL S.A.P.I. DE C.V.,1.0,2
1,PERSEUS EXPLORACIÓN TERRESTRE S.A. DE C.V.,59.0,112.0,2,PERSEUS EXPLORACIÓN TERRESTRE S.A. DE C.V.,1.0,2
1,DIAVAZ OFFSHORE S.A.P.I. DE C.V.,21.0,39.0,3,DIAVAZ OFFSHORE S.A.P.I. DE C.V.,0.0,2
1,PERSEUS EXPLORACIÓN TERRESTRE S.A. DE C.V.,59.0,112.0,3,PERSEUS EXPLORACIÓN TERRESTRE S.A. DE C.V.,1.0,2
1,CHINA OFFSHORE OIL CORPORATION E&P MÉXICO S.A.P.I. DE C.V.,10.0,23.0,ASOCIACION,CHINA OFFSHORE OIL CORPORATION E&P MÉXICO S.A.P.I. DE C.V.,,ASOCIACION
0,DIAVAZ OFFSHORE S.A.P.I. DE C.V.,21.0,39.0,1,DIAVAZ OFFSHORE S.A.P.I. DE C.V.,1.0,2
1,TECPETROL INTERNACIONAL S.L.,89.0,163.0,ASOCIACION,TECPETROL INTERNACIONAL S.L.,,ASOCIACION
1,PETROBAL S.A.P.I. DE C.V.,60.0,122.0,ASOCIACION,PETROBAL S.A.P.I. DE C.V.,,ASOCIACION
0,SERVICIOS PJP4 DE MÉXICO S.A. DE C.V.,76.0,145.0,2,SERVICIOS PJP4 DE MÉXICO S.A. DE C.V.,1.0,2
0,SUN GOD ENERGÍA DE MÉXICO S.A. DE C.V.,85.0,156.0,2,SUN GOD ENERGÍA DE MÉXICO S.A. DE C.V.,1.0,2
0,GRUPO R EXPLORACIÓN Y PRODUCCIÓN S.A. DE C.V.,39.0,66.0,2,GRUPO R EXPLORACIÓN Y PRODUCCIÓN S.A. DE C.V.,1.0,2
0,DEP PYG S.A.P.I. DE C.V.,19.0,36.0,3,DEP PYG S.A.P.I. DE C.V.,1.0,2
0,SERVICIOS PJP4 DE MÉXICO S.A. DE C.V.,76.0,145.0,3,SERVICIOS PJP4 DE MÉXICO S.A. DE C.V.,1.0,2
1,ATLANTIC RIM MÉXICO S. DE R.L. DE C.V.,23.0,4.0,1,ATLANTIC RIM MÉXICO S. DE R.L. DE C.V.,1.0,1
1,BG GROUP MÉXICO EXPLORATION S.A. DE C.V.,23.0,5.0,1,BG GROUP MÉXICO EXPLORATION S.A. DE C.V.,1.0,1
1,CASA EXPLORATION L.P.,29.0,12.0,1,CASA EXPLORATION L.P.,1.0,1
1,CHEVRON ENERGÍA DE MÉXICO S. DE R.L. DE C.V.,26.0,22.0,1,CHEVRON ENERGÍA DE MÉXICO S. DE R.L. DE C.V.,1.0,1
1,COBALT ENERGÍA DE MÉXICO S. DE R.L. DE C.V.,28.0,25.0,1,COBALT ENERGÍA DE MÉXICO S. DE R.L. DE C.V.,1.0,1
1,COMPAÑÍA ESPAÑOLA DE PETRÓLEO S.A. (CEPSA),29.0,26.0,1,COMPAÑÍA ESPAÑOLA DE PETRÓLEO S.A. (CEPSA),1.0,1
0,WOODSIDE ENERGY MEDITERRANEAN PTY LTD,79.0,169.0,1,WOODSIDE ENERGY MEDITERRANEAN PTY LTD,1.0,1
0,PLUSPETROL MÉXICO B.V.,49.0,131.0,1,PLUSPETROL MÉXICO B.V.,1.0,1
0,PAN AMERICAN ENERGY LLC,79.0,119.0,1,PAN AMERICAN ENERGY LLC,1.0,1
1,EXXONMOBIL EXPLORACIÓN Y PRODUCCIÓN MÉXICO S. DE R.L. DE C.V.,,46.0,1,EXXONMOBIL EXPLORACIÓN Y PRODUCCIÓN MÉXICO S. DE R.L. DE C.V.,1.0,1
1,GALP ENERGÍA E&P B.V.,,58.0,1,GALP ENERGÍA E&P B.V.,1.0,1
1,HESS MÉXICO OIL AND GAS S. DE R.L. DE C.V.,,67.0,1,HESS MÉXICO OIL AND GAS S. DE R.L. DE C.V.,1.0,1
1,INPEX CORPORATION,,75.0,1,INPEX CORPORATION,0.0,1
1,JAPAN OIL; GAS AND METALS NATIONAL CORPORATION,,79.0,1,JAPAN OIL; GAS AND METALS NATIONAL CORPORATION,0.0,1
1,JAPAN PETROLEUM EXPLORATION CO. LTD.,,80.0,1,JAPAN PETROLEUM EXPLORATION CO. LTD.,0.0,1
1,MAERSK OLIE OG GAS A/S,,84.0,1,MAERSK OLIE OG GAS A/S,1.0,1
1,MARATHON OFFSHORE INVESTMENT LIMITED,,88.0,1,MARATHON OFFSHORE INVESTMENT LIMITED,1.0,1
1,MITSUBISHI CORPORATION,,90.0,1,MITSUBISHI CORPORATION,0.0,1
1,NBL MÉXICO INC.,,93.0,1,NBL MÉXICO INC.,0.0,1
1,NEXEN ENERGY HOLDINGS INTERNATIONAL LIMITED,31.0,98.0,1,NEXEN ENERGY HOLDINGS INTERNATIONAL LIMITED,1.0,1
1,PACIFIC RUBIALES E&P MÉXICO S.A.P.I. DE C.V.,,118.0,1,PACIFIC RUBIALES E&P MÉXICO S.A.P.I. DE C.V.,1.0,1
0,TULLOW MÉXICO B.V.,71.0,166.0,1,TULLOW MÉXICO B.V.,1.0,1
1,PETRÓLEO BRASILEIRO MÉXICO S. DE R.L. DE C.V.,,126.0,1,PETRÓLEO BRASILEIRO MÉXICO S. DE R.L. DE C.V.,0.0,1
1,PETRONAS CARIGALI INTERNATIONAL E&P B.V.,72.0,115.0,1,PETRONAS CARIGALI INTERNATIONAL E&P B.V.,1.0,1
1,PLAINS ACQUISITION CORPORATION,,130.0,1,PLAINS ACQUISITION CORPORATION,1.0,1
1,PREMIER OIL PLC,,132.0,1,PREMIER OIL PLC,1.0,1
1,PTT EXPLORATION&PRODUCTION PCL,,117.0,1,PTT EXPLORATION&PRODUCTION PCL,0.0,1
1,SHELL EXPLORACIÓN Y EXTRACCIÓN DE MÉXICO S.A. DE C.V.,,148.0,1,SHELL EXPLORACIÓN Y EXTRACCIÓN DE MÉXICO S.A. DE C.V.,0.0,1
1,SIERRA OIL&GAS S. DE R.L. DE C.V.,79.0,150.0,1,SIERRA OIL&GAS S. DE R.L. DE C.V.,1.0,1
0,TALOS ENERGY LLC,5.0,162.0,1,TALOS ENERGY LLC,1.0,1
1,TOTAL S.A.,5.0,165.0,1,TOTAL S.A.,1.0,1
1,ATLANTIC RIM MÉXICO S. DE R.L. DE C.V.,20.0,4.0,2,ATLANTIC RIM MÉXICO S. DE R.L. DE C.V.,0.0,1
1,BG GROUP MÉXICO EXPLORATION S.A. DE C.V.,20.0,5.0,2,BG GROUP MÉXICO EXPLORATION S.A. DE C.V.,0.0,1
1,CHEVRON ENERGÍA DE MÉXICO S. DE R.L. DE C.V.,20.0,22.0,2,CHEVRON ENERGÍA DE MÉXICO S. DE R.L. DE C.V.,1.0,1
1,COMPAÑÍA ESPAÑOLA DE PETRÓLEO S.A. (CEPSA),33.0,26.0,2,COMPAÑÍA ESPAÑOLA DE PETRÓLEO S.A. (CEPSA),1.0,1
0,PAN AMERICAN ENERGY LLC,38.0,119.0,2,PAN AMERICAN ENERGY LLC,1.0,1
1,FIELDWOOD ENERGY LLC,46.0,47.0,2,FIELDWOOD ENERGY LLC,1.0,1
1,GALP ENERGÍA E&P B.V.,86.0,58.0,2,GALP ENERGÍA E&P B.V.,1.0,1
1,PACIFIC RUBIALES E&P MÉXICO S.A.P.I. DE C.V.,55.0,118.0,2,PACIFIC RUBIALES E&P MÉXICO S.A.P.I. DE C.V.,0.0,1
1,PETRONAS CARIGALI INTERNATIONAL E&P B.V.,,115.0,2,PETRONAS CARIGALI INTERNATIONAL E&P B.V.,1.0,1
1,PLAINS ACQUISITION CORPORATION,,130.0,2,PLAINS ACQUISITION CORPORATION,1.0,1
1,PTT EXPLORATION&PRODUCTION PCL,,117.0,2,PTT EXPLORATION&PRODUCTION PCL,0.0,1
1,SANCHEZ OIL&GAS CORPORATION,61.0,143.0,2,SANCHEZ OIL&GAS CORPORATION,0.0,1
1,SHELL EXPLORACIÓN Y EXTRACCIÓN DE MÉXICO S.A. DE C.V.,83.0,148.0,2,SHELL EXPLORACIÓN Y EXTRACCIÓN DE MÉXICO S.A. DE C.V.,1.0,1
1,SIERRA OIL&GAS S. DE R.L. DE C.V.,83.0,150.0,2,SIERRA OIL&GAS S. DE R.L. DE C.V.,1.0,1
0,TALOS ENERGY LLC,83.0,162.0,2,TALOS ENERGY LLC,1.0,1
0,CARSO ENERGY S.A. DE C.V.,91.0,20.0,2,CARSO ENERGY S.A. DE C.V.,1.0,1
1,SINOPEC INTERNATIONAL PETROLEUM EXPLORATION&PRODUCTION CORPORATION,,151.0,2,SINOPEC INTERNATIONAL PETROLEUM EXPLORATION&PRODUCTION CORPORATION,0.0,1
1,TOTAL S.A.,,165.0,2,TOTAL S.A.,0.0,1
1,BIN ADMINISTRATIVO S.A. DE C.V.,2.0,7.0,3,BIN ADMINISTRATIVO S.A. DE C.V.,1.0,1
0,GALCA ENERGY S.A.,2.0,49.0,3,GALCA ENERGY S.A.,1.0,1
0,MAX ENERGY HOLDINGS LLC,92.0,86.0,3,MAX ENERGY HOLDINGS LLC,1.0,1
1,CAABSA INFRAESTRUCTURA S.A. DE C.V.,9.0,9.0,3,CAABSA INFRAESTRUCTURA S.A. DE C.V.,1.0,1
0,ZENITH SERVICIOS PETROLEROS,9.0,170.0,3,ZENITH SERVICIOS PETROLEROS,1.0,1
0,OLEODUCTO DEL NORTE DE COLOMBIA,9.0,103.0,3,OLEODUCTO DEL NORTE DE COLOMBIA,1.0,1
1,CIA. LA HUASTECA S.A. DE C.V.,18.0,14.0,3,CIA. LA HUASTECA S.A. DE C.V.,1.0,1
1,CORPORACIÓN DE ENERGÍA MEXOIL S.A.P.I. DE C.V.,,34.0,3,CORPORACIÓN DE ENERGÍA MEXOIL S.A.P.I. DE C.V.,0.0,1
1,COSAFI DEL NORESTE S.A. DE C.V.,29.0,18.0,3,COSAFI DEL NORESTE S.A. DE C.V.,0.0,1
1,CPVEN E&P CORP.,29.0,19.0,3,CPVEN E&P CORP.,1.0,1
1,DESARROLLADORA OLEUM S.A. DE C.V.,30.0,37.0,3,DESARROLLADORA OLEUM S.A. DE C.V.,1.0,1
0,INGENIERÍA CONSTRUCCIONES Y EQUIPOS CONEQUIPOS,82.0,73.0,3,INGENIERÍA CONSTRUCCIONES Y EQUIPOS CONEQUIPOS,1.0,1
0,INDUSTRIAL CONSULTING,92.0,72.0,3,INDUSTRIAL CONSULTING,1.0,1
0,MARAT INTERNATIONAL,,85.0,3,MARAT INTERNATIONAL,1.0,1
0,CONSTRUCTORA TZAULAN,,17.0,3,CONSTRUCTORA TZAULAN,1.0,1
1,EAST WEST PETROLEUM CORP.,50.0,42.0,3,EAST WEST PETROLEUM CORP.,1.0,1
1,EXXONMOBIL EXPLORACIÓN Y PRODUCCIÓN MÉXICO S. DE R.L. DE C.V.,,46.0,3,EXXONMOBIL EXPLORACIÓN Y PRODUCCIÓN MÉXICO S. DE R.L. DE C.V.,0.0,1
1,GA ENERGY SERVICES S.A.P.I. DE C.V.,,48.0,3,GA ENERGY SERVICES S.A.P.I. DE C.V.,0.0,1
1,GDF SUEZ E&P INTERNATIONAL,,51.0,3,GDF SUEZ E&P INTERNATIONAL,1.0,1
1,GEO ESTRATOS MXOIL EXPLORACIÓN Y PRODUCCIÓN S.A.P.I. DE C.V.,,52.0,3,GEO ESTRATOS MXOIL EXPLORACIÓN Y PRODUCCIÓN S.A.P.I. DE C.V.,1.0,1
0,GEO ESTRATOS S.A. DE C.V.,,60.0,3,GEO ESTRATOS S.A. DE C.V.,1.0,1
1,GEOPARK LIMITED,,62.0,3,GEOPARK LIMITED,1.0,1
1,GRUPO INDUSTRIAL DE TABASCO S.A. DE C.V.,,65.0,3,GRUPO INDUSTRIAL DE TABASCO S.A. DE C.V.,1.0,1
0,SERVICIOS ASOCIADOS S.A.S.,,144.0,3,SERVICIOS ASOCIADOS S.A.S.,1.0,1
0,CONSTRUCTORA Y ARRENDADORA DE MÉXICO S.A. DE C.V.,,32.0,3,CONSTRUCTORA Y ARRENDADORA DE MÉXICO S.A. DE C.V.,1.0,1
1,GRUPO VORDCAB S.A. DE C.V.,,55.0,3,GRUPO VORDCAB S.A. DE C.V.,1.0,1
0,OCM VORDCAB S.A. DE C.V.,82.0,102.0,3,OCM VORDCAB S.A. DE C.V.,1.0,1
1,INTERAMERICANA DE NAVIEROS S.A. DE C.V.,,76.0,3,INTERAMERICANA DE NAVIEROS S.A. DE C.V.,0.0,1
1,INTERNATIONAL FRONTIER RESOURCES CORPORATION,,77.0,3,INTERNATIONAL FRONTIER RESOURCES CORPORATION,0.0,1
0,ENERGÍA AMERICAS II LLC,26.0,44.0,3,ENERGÍA AMERICAS II LLC,1.0,1
1,LEWIS ENERGY MÉXICO S. DE R.L. DE C.V.,6.0,82.0,3,LEWIS ENERGY MÉXICO S. DE R.L. DE C.V.,1.0,1
1,NEWPEK EXPLORACIÓN Y EXTRACCIÓN S.A. DE C.V.,26.0,97.0,3,NEWPEK EXPLORACIÓN Y EXTRACCIÓN S.A. DE C.V.,1.0,1
1,NORTHCOTE ENERGY MÉXICO S. DE R.L. DE C.V.,28.0,100.0,3,NORTHCOTE ENERGY MÉXICO S. DE R.L. DE C.V.,0.0,1
1,NUVOIL S.A. DE C.V.,18.0,95.0,3,NUVOIL S.A. DE C.V.,1.0,1
0,SISTEMAS INTEGRALES DE COMPRESIÓN S.A. DE C.V.,,152.0,3,SISTEMAS INTEGRALES DE COMPRESIÓN S.A. DE C.V.,1.0,1
0,CONSTRUCTORA MARUSA S.A. DE C.V.,,31.0,3,CONSTRUCTORA MARUSA S.A. DE C.V.,1.0,1
1,OMEGA ENERGY INTERNATIONAL S.A.,,104.0,3,OMEGA ENERGY INTERNATIONAL S.A.,1.0,1
0,IEED HOLDING GROUP S.A. DE C.V.,,70.0,3,IEED HOLDING GROUP S.A. DE C.V.,1.0,1
0,GSEM S.A.P.I. DE C.V.,,56.0,3,GSEM S.A.P.I. DE C.V.,1.0,1
1,OPERADORA PRODUCTORA Y EXPLORADORA MEXICANA S.A. DE C.V.,,106.0,3,OPERADORA PRODUCTORA Y EXPLORADORA MEXICANA S.A. DE C.V.,1.0,1
0,PETROSANTANDER LUXEMBOURG HOLDINGS S.A.R.L.,,116.0,3,PETROSANTANDER LUXEMBOURG HOLDINGS S.A.R.L.,1.0,1
1,PACIFIC RUBIALES E&P MÉXICO S.A.P.I. DE C.V.,,118.0,3,PACIFIC RUBIALES E&P MÉXICO S.A.P.I. DE C.V.,1.0,1
1,PAREX RESOURCES (BARBADOS) LTD.,,110.0,3,PAREX RESOURCES (BARBADOS) LTD.,0.0,1
1,PERFOLAT DE MÉXICO S.A. DE C.V.,,111.0,3,PERFOLAT DE MÉXICO S.A. DE C.V.,1.0,1
0,CANAMEX DUTCH B.V.,,10.0,3,CANAMEX DUTCH B.V.,1.0,1
0,AMERICAN OIL TOOLS S. DE R.L. DE C.V.,,2.0,3,AMERICAN OIL TOOLS S. DE R.L. DE C.V.,1.0,1
1,PEROTE EXPLORACIÓN Y PRODUCCIÓN S. DE R.L. DE C.V.,,120.0,3,PEROTE EXPLORACIÓN Y PRODUCCIÓN S. DE R.L. DE C.V.,1.0,1
0,PETROSOUTH PROPERTIES,,123.0,3,PETROSOUTH PROPERTIES,1.0,1
1,PLUSPETROL MÉXICO B.V.,,131.0,3,PLUSPETROL MÉXICO B.V.,0.0,1
1,QUÍMICA APOLLO S.A. DE C.V.,,134.0,3,QUÍMICA APOLLO S.A. DE C.V.,0.0,1
1,SERVICIOS ADMINISTRATIVOS SOMER S.A. DE C.V.,,140.0,3,SERVICIOS ADMINISTRATIVOS SOMER S.A. DE C.V.,1.0,1
0,MEXPORT EQUIPMENT,,87.0,3,MEXPORT EQUIPMENT,1.0,1
1,SINOPEC INTERNATIONAL PETROLEUM EXPLORATION&PRODUCTION CORPORATION,,151.0,3,SINOPEC INTERNATIONAL PETROLEUM EXPLORATION&PRODUCTION CORPORATION,0.0,1
1,STEEL SERV S.A. DE C.V.,,142.0,3,STEEL SERV S.A. DE C.V.,1.0,1
0,CONSTRUCTORA HOSTOTIPAQUILLO S.A. DE C.V.,,30.0,3,CONSTRUCTORA HOSTOTIPAQUILLO S.A. DE C.V.,1.0,1
0,DESARROLLO DE TECNOLOGÍA Y SERVICIOS INTEGRALES S.A. DE C.V.,,38.0,3,DESARROLLO DE TECNOLOGÍA Y SERVICIOS INTEGRALES S.A. DE C.V.,1.0,1
0,MERCADO DE ARENAS SÍLICAS,,89.0,3,MERCADO DE ARENAS SÍLICAS,1.0,1
1,TORENCO ENERGY INC.,,164.0,3,TORENCO ENERGY INC.,1.0,1
0,PETRODATA SERVICES S.A. DE C.V.,,113.0,3,PETRODATA SERVICES S.A. DE C.V.,1.0,1
1,TOTAL S.A.,,165.0,3,TOTAL S.A.,0.0,1
1,TUBULAR TECHNOLOGY S.A. DE C.V.,,161.0,3,TUBULAR TECHNOLOGY S.A. DE C.V.,1.0,1
0,GX GEOSCIENCE CORPORATION S. DE R.L. DE C.V.,,57.0,3,GX GEOSCIENCE CORPORATION S. DE R.L. DE C.V.,1.0,1
0,ROMA ENERGY HOLDINGS LLC,,136.0,3,ROMA ENERGY HOLDINGS LLC,1.0,1
0,GAT OIL&GAS S.A.P.I. DE C.V.,54.0,50.0,3,GAT OIL&GAS S.A.P.I. DE C.V.,1.0,1
1,ATLANTIC RIM MÉXICO S. DE R.L. DE C.V.,,4.0,4,ATLANTIC RIM MÉXICO S. DE R.L. DE C.V.,1.0,1
1,CHEVRON ENERGÍA DE MÉXICO S. DE R.L. DE C.V.,,22.0,4,CHEVRON ENERGÍA DE MÉXICO S. DE R.L. DE C.V.,1.0,1
1,EXXONMOBIL EXPLORACIÓN Y PRODUCCIÓN MÉXICO S. DE R.L. DE C.V.,,46.0,4,EXXONMOBIL EXPLORACIÓN Y PRODUCCIÓN MÉXICO S. DE R.L. DE C.V.,1.0,1
0,GALP ENERGÍA E&P B.V.,,58.0,4,GALP ENERGÍA E&P B.V.,1.0,1
1,HESS MÉXICO OIL AND GAS S. DE R.L. DE C.V.,,67.0,4,HESS MÉXICO OIL AND GAS S. DE R.L. DE C.V.,1.0,1
1,INPEX CORPORATION,,75.0,4,INPEX CORPORATION,1.0,1
1,JAPAN OIL; GAS AND METALS NATIONAL CORPORATION,,79.0,4,JAPAN OIL; GAS AND METALS NATIONAL CORPORATION,0.0,1
1,MITSUBISHI CORPORATION,,90.0,4,MITSUBISHI CORPORATION,1.0,1
0,MITSUI&CO. LTD,,91.0,4,MITSUI&CO. LTD,1.0,1
1,NBL MÉXICO INC.,,93.0,4,NBL MÉXICO INC.,1.0,1
0,OPHIR MEXICO HOLDINGS LIMITED,,107.0,4,OPHIR MEXICO HOLDINGS LIMITED,1.0,1
1,PETRONAS CARIGALI INTERNATIONAL E&P B.V.,,115.0,4,PETRONAS CARIGALI INTERNATIONAL E&P B.V.,1.0,1
1,PETRO-CANADA (INTERNATIONAL) HOLDINGS B.V.,,121.0,4,PETRO-CANADA (INTERNATIONAL) HOLDINGS B.V.,1.0,1
1,PETRÓLEO BRASILEIRO MÉXICO S. DE R.L. DE C.V.,,126.0,4,PETRÓLEO BRASILEIRO MÉXICO S. DE R.L. DE C.V.,1.0,1
1,SHELL EXPLORACIÓN Y EXTRACCIÓN DE MÉXICO S.A. DE C.V.,,148.0,4,SHELL EXPLORACIÓN Y EXTRACCIÓN DE MÉXICO S.A. DE C.V.,1.0,1
0,SIERRA OIL&GAS S. DE R.L. DE C.V.,,150.0,4,SIERRA OIL&GAS S. DE R.L. DE C.V.,1.0,1
1,TOTAL S.A.,,165.0,4,TOTAL S.A.,1.0,1
1,ATLANTIC RIM MÉXICO S. DE R.L. DE C.V.,,4.0,TRION,ATLANTIC RIM MÉXICO S. DE R.L. DE C.V.,0.0,ASOCIACION
1,CHEVRON ENERGÍA DE MÉXICO S. DE R.L. DE C.V.,,22.0,TRION,CHEVRON ENERGÍA DE MÉXICO S. DE R.L. DE C.V.,1.0,ASOCIACION
1,EXXONMOBIL EXPLORACIÓN Y PRODUCCIÓN MÉXICO S. DE R.L. DE C.V.,,46.0,TRION,EXXONMOBIL EXPLORACIÓN Y PRODUCCIÓN MÉXICO S. DE R.L. DE C.V.,1.0,ASOCIACION
1,INPEX CORPORATION,,75.0,TRION,INPEX CORPORATION,1.0,ASOCIACION
1,MITSUBISHI CORPORATION,,90.0,TRION,MITSUBISHI CORPORATION,1.0,ASOCIACION
1,SHELL EXPLORACIÓN Y EXTRACCIÓN DE MÉXICO S.A. DE C.V.,,148.0,TRION,SHELL EXPLORACIÓN Y EXTRACCIÓN DE MÉXICO S.A. DE C.V.,1.0,ASOCIACION
1,TOTAL S.A.,,165.0,TRION,TOTAL S.A.,1.0,ASOCIACION
1,PETRONAS CARIGALI INTERNATIONAL E&P B.V.,,115.0,TRION,PETRONAS CARIGALI INTERNATIONAL E&P B.V.,1.0,ASOCIACION
1,CHEVRON ENERGÍA DE MÉXICO S. DE R.L. DE C.V.,,22.0,1,CHEVRON ENERGÍA DE MÉXICO S. DE R.L. DE C.V.,1.0,2
1,CONOCOPHILLIPS MÉXICO B.V.,,27.0,1,CONOCOPHILLIPS MÉXICO B.V.,1.0,2
1,OPHIR MEXICO HOLDINGS LIMITED,51.0,107.0,1,OPHIR MEXICO HOLDINGS LIMITED,1.0,2
1,PREMIER OIL PLC,52.0,132.0,1,PREMIER OIL PLC,1.0,2
1,SHELL EXPLORACIÓN Y EXTRACCIÓN DE MÉXICO S.A. DE C.V.,52.0,148.0,1,SHELL EXPLORACIÓN Y EXTRACCIÓN DE MÉXICO S.A. DE C.V.,1.0,2
1,SIERRA OIL&GAS S. DE R.L. DE C.V.,65.0,150.0,1,SIERRA OIL&GAS S. DE R.L. DE C.V.,0.0,2
1,TOTAL S.A.,68.0,165.0,1,TOTAL S.A.,1.0,2
1,GEO POWER SOLUTION S. DE R.L. DE C.V.,68.0,61.0,2,GEO POWER SOLUTION S. DE R.L. DE C.V.,1.0,2
1,ENAP SIPETROL S.A.,77.0,43.0,1,ENAP SIPETROL S.A.,0.0,2
1,NOBLE ENERGY MÉXICO S. DE R.L. DE C.V.,,99.0,1,NOBLE ENERGY MÉXICO S. DE R.L. DE C.V.,1.0,2
1,TOTAL S.A.,,165.0,2,TOTAL S.A.,0.0,2
1,PETRONAS CARIGALI INTERNATIONAL E&P B.V.,,115.0,1,PETRONAS CARIGALI INTERNATIONAL E&P B.V.,1.0,2
1,INPEX CORPORATION,,75.0,1,INPEX CORPORATION,1.0,2
1,HOKCHI ENERGY S.A. DE C.V,,68.0,1,HOKCHI ENERGY S.A. DE C.V,0.0,2
1,NEWPEK EXPLORACIÓN Y EXTRACCIÓN S.A. DE C.V.,,97.0,2,NEWPEK EXPLORACIÓN Y EXTRACCIÓN S.A. DE C.V.,1.0,2
1,NEWPEK EXPLORACIÓN Y EXTRACCIÓN S.A. DE C.V.,,97.0,3,NEWPEK EXPLORACIÓN Y EXTRACCIÓN S.A. DE C.V.,1.0,2
1,QUÍMICA APOLLO S.A. DE C.V.,,134.0,3,QUÍMICA APOLLO S.A. DE C.V.,1.0,2
1,TOTAL S.A.,,165.0,3,TOTAL S.A.,0.0,2
1,VIELPER TECHNOLOGY,,168.0,3,VIELPER TECHNOLOGY,0.0,2
1,FIELDWOOD ENERGY LLC,,47.0,1,FIELDWOOD ENERGY LLC,0.0,2
1,NEFTEGAZ HOLDING AMERICA LIMITED,,96.0,1,NEFTEGAZ HOLDING AMERICA LIMITED,0.0,2
1,TALOS ENERGY LLC,,162.0,1,TALOS ENERGY LLC,1.0,2
1,GEO POWER SOLUTION S. DE R.L. DE C.V.,,61.0,3,GEO POWER SOLUTION S. DE R.L. DE C.V.,1.0,2
1,SIERRA OIL&GAS S. DE R.L. DE C.V.,,150.0,ASOCIACION,SIERRA OIL&GAS S. DE R.L. DE C.V.,,ASOCIACION
1,IGSA S.A. DE C.V.,,71.0,3,IGSA S.A. DE C.V.,0.0,2
1,LEWIS ENERGY MÉXICO S. DE R.L. DE C.V.,,82.0,2,LEWIS ENERGY MÉXICO S. DE R.L. DE C.V.,0.0,2
1,CONSORCIO PETROLERO 5M DEL GOLFO S.A.P.I. DE C.V.,,29.0,3,CONSORCIO PETROLERO 5M DEL GOLFO S.A.P.I. DE C.V.,1.0,2
1,OVERSEAS PETROLEUM AND INVESTMENT CORPORATION,,108.0,3,OVERSEAS PETROLEUM AND INVESTMENT CORPORATION,0.0,2
1,SICOVAL MX S.A. DE C.V.,,149.0,3,SICOVAL MX S.A. DE C.V.,1.0,2
1,SUSTAINABILITY CHANGE SOLUTIONS DE MÉXICO S.A. DE C.V.,,157.0,3,SUSTAINABILITY CHANGE SOLUTIONS DE MÉXICO S.A. DE C.V.,0.0,2
1,TUBULAR TECHNOLOGY S.A. DE C.V.,,161.0,3,TUBULAR TECHNOLOGY S.A. DE C.V.,1.0,2
0,LLC RN-SHELF SOUTH,,81.0,1,LLC RN-SHELF SOUTH,1.0,2
0,PAN AMERICAN ENERGY LLC,,119.0,1,PAN AMERICAN ENERGY LLC,1.0,2
0,CAPRICORN ENERGY LIMITED,,11.0,1,CAPRICORN ENERGY LIMITED,1.0,2
0,SIERRA PEROTE E&P S. DE R.L. DE C.V.,,141.0,1,SIERRA PEROTE E&P S. DE R.L. DE C.V.,1.0,2
0,PETRÓLEOS MONTERREY S.A.P.I. DE C.V.,,129.0,2,PETRÓLEOS MONTERREY S.A.P.I. DE C.V.,1.0,2
0,VERDAD EXPLORATION MEXICO LLC,,167.0,2,VERDAD EXPLORATION MEXICO LLC,1.0,2
0,PETRÓLEOS MONTERREY S.A.P.I. DE C.V.,,129.0,3,PETRÓLEOS MONTERREY S.A.P.I. DE C.V.,1.0,2
0,VERDAD EXPLORATION MEXICO LLC,,167.0,3,VERDAD EXPLORATION MEXICO LLC,1.0,2
0,NG OIL AND GAS S.A.P.I. DE C.V.,,94.0,3,NG OIL AND GAS S.A.P.I. DE C.V.,1.0,2
0,AINDA CONSULTORES S.A. DE C.V.,,1.0,3,AINDA CONSULTORES S.A. DE C.V.,1.0,2
0,PETRÓLEOS MADERE S.A. DE C.V.,,127.0,3,PETRÓLEOS MADERE S.A. DE C.V.,1.0,2
0,PETROSYNERGY S.A.,,125.0,3,PETROSYNERGY S.A.,1.0,2
0,PROMOTORA Y OPERADORA DE INFRAESTRUCTURA S.A.B. DE C.V.,,133.0,3,PROMOTORA Y OPERADORA DE INFRAESTRUCTURA S.A.B. DE C.V.,1.0,2
0,ROMA EXPLORATION AND PRODUCTION LLC,,138.0,3,ROMA EXPLORATION AND PRODUCTION LLC,1.0,2
0,GX GEOSCIENCE CORPORATION S. DE R.L. DE C.V.,,57.0,3,GX GEOSCIENCE CORPORATION S. DE R.L. DE C.V.,1.0,2
0,SUMINISTROS MARINOS E INDUSTRIALES DE MÉXICO S.A. DE C.V.,,155.0,3,SUMINISTROS MARINOS E INDUSTRIALES DE MÉXICO S.A. DE C.V.,1.0,2
0,GOLFO SUPLEMENTO LATINO S.A. DE C.V.,,63.0,3,GOLFO SUPLEMENTO LATINO S.A. DE C.V.,1.0,2
0,SHANDONG KERUI OILFIELD SERVICE GROUP CO. LTD,,147.0,3,SHANDONG KERUI OILFIELD SERVICE GROUP CO. LTD,1.0,2
0,NUEVAS SOLUCIONES ENERGÉTICAS A&P S.A. DE C.V.,,101.0,3,NUEVAS SOLUCIONES ENERGÉTICAS A&P S.A. DE C.V.,1.0,2
